Created At,Created By,Community,Lot Number,Project_id,Project_uid,Section Number,Contract Date,Contract Type,Sales Agent,Selections Finished On,Lot Status Finished,Lot Status Released,Contract Date,Contract Type,Product Name,Elevation Name,Drafting Drafter,Drafting Assigned On,Drafting Finished,Engineering Engineer,Engineering Sent,Engineering Received,Plat Engineer,Plat Sent,Plat Received,Permitting County Name,Permitting Submitted,Permitting Received,Homesiting Completed By,Homesiting Completed On,BBP Posted,Notes
2023-11-06 13:43:31.043000,,BHC Armstrong,41 & 42,AS--41 & 42,1af1bcdc-0184-42ce-aa3f-c149856ce1be,,,,,,True,False,,,BHC 18H,NONE,R.Arias,2022-06-15,2022-06-15,Struc Tech,2022-08-11,2022-04-29,Koontz,,2022-05-17,Richmond,2022-05-19,2022-10-12,,,2022-10-12,
2023-11-06 13:43:31.044000,,BHC Armstrong,52,AS--52,a79f0d25-7d0a-4b7d-99d1-bcd0b894e799,,,,,,True,False,,,BHC 22E,NONE,R.Arias,2022-06-15,2022-06-15,Struc Tech,2022-08-11,2022-04-29,Koontz,2022-12-10,2022-05-17,Richmond,2022-05-19,2022-10-05,,,2022-10-05,
2023-11-06 13:43:31.045000,,GreenGate Villas,10,GV-HOMEARAMA-10,e9cf86b5-10de-44e1-bca3-b521ef9f18bf,HOMEARAMA,,,,,True,False,,,CUSTOM,CUSTOM,K.Fadl,,,HBS,,,Bay Design,2022-05-10,2022-05-24,Henrico,2022-05-24,2022-06-09,,,2022-06-09,Eagle Homearama House
2023-11-06 13:43:31.044000,,GreenGate,9-12,GG-PS5-9-12,b843bd2b-b0a8-4a37-aa3b-e80eed964d91,PS5,,,,,True,False,,,NONE,NONE,Y.Wang,2022-03-07,2022-03-10,HBS,2022-03-15,2022-04-04,Bay Design,2022-04-04,2022-04-25,Henrico,2022-04-29,2022-05-16,,,2022-05-17,
2023-11-06 13:43:31.047000,,BHC Armstrong,43&44,AS-2-43&44,035fb772-5ce3-44c5-b291-7f12379f34a3,2,,,,,True,False,,,BHC 22F,CUSTOM,R.Arias,,2022-12-02,Struc Tech,2022-12-02,2022-12-09,Koontz,2023-01-17,2023-01-31,Richmond,2023-02-14,2023-03-14,,,2023-03-15,
2023-11-06 13:43:31.047000,,BHC Armstrong,73&74,AS-2-73&74,10aef1f0-35f4-4713-a920-a659fe06322a,2,,,,,True,False,,,BHC 22G,CUSTOM,R.Arias,,2022-12-02,Struc Tech,2022-12-02,2022-12-09,Koontz,2023-01-17,2023-01-31,Richmond,2023-02-14,2023-03-14,,,2023-03-14,
2023-11-06 13:43:31.047000,,BHC Armstrong,61&62,AS-2-61&62,53206783-4f68-4c5f-bb05-2571a539a52d,2,,,,,True,False,,,BHC 22F,CUSTOM,R.Arias,,2022-12-02,Struc Tech,2022-12-02,2022-12-09,Koontz,2023-01-17,2023-01-31,Richmond,2023-02-14,2023-03-13,,,2023-03-13,
2023-11-06 13:43:31.047000,,BHC Armstrong,75,AS-2-75,45d2b38b-f3e3-41fc-a634-7973421aac6f,2,,,,,True,False,,,BHC 22E,CUSTOM,R.Arias,,2022-12-02,Struc Tech,2022-12-02,2022-12-09,Koontz,2023-01-17,2023-01-31,Richmond,2023-02-14,2023-03-15,,,2023-03-15,
2023-11-06 13:43:31.047000,,BHC Armstrong,77,AS-2-77,836cbec1-d5df-4cfa-9e83-b8fc321336aa,2,,,,,True,False,,,BHC 22D,CUSTOM,R.Arias,,2022-12-02,Struc Tech,2022-12-02,2022-12-09,Koontz,2023-01-17,2023-01-31,Richmond,2023-02-14,2023-03-15,,,2023-03-16,
2023-11-06 13:43:31.047000,,BHC Armstrong,60,AS-2-60,e7ead00c-dcb5-46af-a767-9d201e898efb,2,,,,,True,False,,,BHC 22C,CUSTOM,R.Arias,,2022-12-02,Struc Tech,2022-12-02,2022-12-09,Koontz,2023-01-17,2023-01-31,Richmond,2023-02-14,2023-03-13,,,2023-03-10,
2023-11-06 13:43:31.047000,,BHC Armstrong,58&59,AS-2-58&59,67abc1a8-299a-4a7f-a1b3-1f652ade559a,2,,,,,True,False,,,BHC 22G,CUSTOM,R.Arias,,2022-12-02,Struc Tech,2022-12-02,2022-12-09,Koontz,2023-01-17,2023-01-31,Richmond,2023-02-14,2023-03-13,,,2023-03-10,
2023-11-06 13:43:31.047000,,BHC Armstrong,63,AS-2-63,609243cc-1858-4f8b-b9ec-7effe023d148,2,,,,,True,False,,,BHC 22B,CUSTOM,R.Arias,,2022-12-02,Struc Tech,2022-12-02,2022-12-09,Koontz,2023-01-17,2023-01-31,Blacksburg,2023-02-14,2023-03-09,,,2023-04-17,
2023-11-06 13:43:31.047000,,BHC Armstrong,76,AS-2-76,dc7151b3-3086-4b8d-b795-619350014e1f,2,,,,,True,False,,,BHC 22C,CUSTOM,R.Arias,,2022-12-02,Struc Tech,2022-12-02,2023-12-09,Koontz,2023-01-17,2023-01-31,Richmond,2023-02-14,2023-03-15,,,2023-03-15,
2023-11-06 13:43:31.047000,,The Blufftons,23,BF-0-23,ba341195-811d-4a6f-8558-e9c63982c1df,0,,,,,True,False,,,The Palmetto,CUSTOM,K.Fadl,2022-11-16,2022-11-16,HBS,2022-11-16,2022-12-13,EDA,2022-11-16,2022-12-09,Goochland,2022-12-21,2023-01-10,,,2023-06-06,
2023-11-06 13:43:31.046000,,BHC Armstrong,56 & 57,AS--56 & 57,c2642e79-c502-4034-800e-4cff6bf859c4,,,,,,True,False,,,BHC 18H,NONE,R.Arias,2022-06-15,2022-06-15,Struc Tech,2022-08-11,2022-04-29,NONE,,2022-05-16,Richmond,2022-05-16,2022-10-11,,,2022-10-12,
2023-11-06 13:43:31.047000,,BHC Armstrong,78,AS-2-78,4b307b9d-35a9-491f-aa59-8b2c30550abc,2,,,,,True,False,,,BHC 22B,CUSTOM,R.Arias,,2022-12-02,Struc Tech,2022-12-02,2022-12-09,Koontz,2023-01-17,2023-01-31,Richmond,2023-02-14,2023-03-29,,,2023-04-17,
2023-11-06 13:43:31.046000,,BHC Armstrong,47 & 48,AS--47 & 48,b9ceecdd-1623-4507-a661-6701419db783,,,,,,True,False,,,BHC 18G,NONE,R.Arias,2022-06-15,2022-06-15,Struc Tech,2022-08-11,2022-04-29,Koontz,,2022-05-17,Richmond,2022-05-16,2022-10-11,,,2022-10-12,
2023-11-06 13:43:31.046000,,The Blufftons,20,BF-0-20,4d8a9e75-005f-4b8b-b823-e610616d2d69,0,,,,,True,False,,,Diane's Farmhouse,CUSTOM,K.Fadl,2023-01-04,2023-01-04,HBS,2023-01-04,2023-01-30,EDA,2023-01-18,2023-01-23,Goochland,,,,,,hold
2023-11-06 13:43:31.046000,,BHC Armstrong,53,AS--53,63e57643-60af-4551-9e2d-f8e5e0dc5f49,,,,,,True,False,,,BHC 22C,NONE,R.Arias,2022-06-15,2022-06-15,Struc Tech,2022-08-11,2022-04-29,Koontz,2022-05-06,2022-05-17,Richmond,2022-05-19,2022-10-03,,,2022-10-05,
2023-11-06 13:43:31.047000,,BHC Armstrong,45&46,AS-2-45&46,5f447f18-de01-4db7-af80-fdc8c478c6af,2,,,,,True,False,,,BHC 22F,CUSTOM,R.Arias,,2022-12-02,Struc Tech,2022-12-02,2022-12-09,Koontz,2023-01-17,2023-01-31,Richmond,2023-02-14,2023-04-26,,,2023-04-26,
2023-11-06 13:43:31.047000,,The Preserve,413,PR-1-413,35067563-553f-4b5f-afc0-7dcff02e50a1,1,2023-04-13 00:00:00,,,,False,False,2025-05-04,Permit & Hold,Pearl Terrace,20 - Craftsman,Y.Wang,2025-05-04,2025-05-16,Riverside,2025-05-17,2025-06-04,Foresite,2025-05-17,2025-05-29,Montgomery,2025-06-19,2025-07-17,R.Arias,2025-05-11 04:00:00,,"new SPEC kicked out 08/09/2023
new SPEC (again) - 05-01-2025
BBP- on hold"
2023-11-06 13:43:31.047000,,BHC Armstrong,54 & 55,AS--54 & 55,36ed4cc8-91c4-407a-99da-07b2055dfbfb,,,,,,True,False,,,BHC 22F,NONE,R.Arias,2022-06-15,2022-06-15,Struc Tech,2022-08-11,2022-04-29,Koontz,,2022-05-17,Richmond,2022-05-19,2022-10-13,,,2022-10-18,
2023-11-06 13:43:31.047000,,BHC Armstrong,63,AS-2-63,a3d493f2-c32a-4c45-856a-dd2a3efe522b,2,,,,,True,False,,,BHC 22B,CUSTOM,R.Arias,,,Struc Tech,2022-12-02,2022-12-29,Koontz,2023-01-17,2023-01-31,Richmond,2023-02-14,2023-03-13,,,2023-03-10,
2023-11-06 13:43:31.048000,,Womack,30,WM-1-30,9aa3bad1-47af-45d3-8d65-715cbefb5d6f,1,2023-07-20 00:00:00,,,,True,False,2025-03-15,SPEC,Magnolia,10 - Traditional,Y.Wang,2025-03-22,2025-03-22,Kempsville,2025-03-22,2025-03-27,High Mark,2025-03-25,2025-04-24,Chesterfield,2025-04-25,2025-05-06,R.Arias,2025-03-26 04:00:00,2025-05-08,"Originally SPEC'd on 7/2023 as Bellavue & BBPs posted 8/2023
Kicked to dirt on 8/2023
reassigned to YENA on 3/20/25
"
2023-11-21 14:58:49.597000,sreddy@tecofva.com,Readers Branch,42,RB-4-42,7c4ab91b-29cb-4bbd-b8bf-962c575d3438,4,,,,,True,False,,SPEC,Linden III,10 - Traditional,C.Zobel,,2023-10-25,Struc Tech,2023-10-27,2023-11-01,EDA,2023-10-27,2023-11-01,Goochland,,2023-11-29,,,2023-11-29,
2023-11-21 14:27:18.841000,sreddy@tecofva.com,The Preserve,564,PR-1-564,cc004159-410e-4861-b5e9-fe417e3bb7ee,1,,,,,True,False,,,Savannah,A - Folk Victorian,C.Zobel,,2023-11-15,Riverside,2023-11-16,2023-11-20,Gay and Neel,2023-11-28,2023-12-06,,,,,,2024-01-10,
2023-11-21 14:59:33.989000,sreddy@tecofva.com,Readers Branch,59,RB-5-59,c9fffee5-1262-439d-b139-f4147c985753,5,,,,,True,False,,SPEC,Corvallis,Colonial,K.Fadl,,2023-12-04,Struc Tech,2023-11-06,2023-11-10,EDA,2023-11-06,2023-12-17,Goochland,,,,,2024-01-18,
2024-11-11 13:19:01.810000,kfadl@tecofva.com,Row at Westhampton,32,RW-1-32,b1b6bf2c-66c8-4b7e-92fc-a308b67bee9f,1,,,,,True,False,,,,,,,,,,,,,,,,,,,,
2025-01-08 14:11:33.701000,kfadl@tecofva.com,Readers Branch,35,RB-6-35,b403b0fc-02c6-43e9-bc83-2c833f747414,6,,,,,True,False,2025-01-02,Contract,Carlisle,10 - Traditional,R.Arias,2025-01-18,2025-02-05,Struc Tech,2025-02-07,2025-02-15,EDA,2025-02-07,2025-02-12,Goochland,2025-02-19,2025-03-18,R.Arias,2025-02-20 01:00:00,2025-03-20,LF DUE 01/14/25
2025-01-08 14:58:44.800000,kfadl@tecofva.com,Sweetspire,18,SP-0-18,b6872dec-b8be-4314-b4c6-109947e71559,0,,,,,True,False,2025-01-02,Contract,Fulton Terrace,A - Colonial,C.Zobel,2025-02-20,2025-02-27,HBS,2025-02-27,2025-03-14,EDA,2025-02-27,2025-04-04,Henrico,2025-04-10,2025-05-07,R.Arias,2025-03-06 12:00:00,2025-05-07,"LF issue: 2/25/25 basement window location for future cabinets and furnace relocation
Permit submitted with Cast-in-place changes. 
7-11-2025 Late LF after BBPs add door on bearing wall."
2025-02-03 12:48:27.444000,kfadl@tecofva.com,Readers Branch,36,RB-7-36,edf02a72-a720-4b37-bc50-ad207913946a,7,,,,,True,False,2025-01-28,Contract,Linden III,30 - Craftsman,C.Zobel,,,HBS,,,EDA,,,Goochland,,,,,,"W/ BASEMENT

lot changed to RB 15-7 2/25/25 with additional lifestyle changes"
2023-11-21 14:53:32.886000,sreddy@tecofva.com,Readers Branch,07,RB-4-07,ba9cbdfe-5fa7-4a8b-aa9c-f5912a65d1b5,4,,,,,True,False,,SPEC,Belmont Terrace,Craftsman,C.Zobel,,2023-10-24,HBS,2023-10-24,2023-11-09,EDA,2023-10-24,2023-10-31,Goochland,,2023-11-29,,,2023-11-30,
2024-01-11 13:12:18.385000,kfadl@tecofva.com,Creeks Edge,19,CE-X-7-19,723ba432-b19e-4100-bc89-d6de143ce42f,X-7,,,,,True,False,,,,,R.Arias,2022-06-01,2022-06-01,Struc Tech,2022-06-01,2022-06-16,,2022-06-01,2022-06-20,Richmond,2022-06-29,2022-11-16,,,,
2024-08-13 12:52:11.021000,kfadl@tecofva.com,West Broad Village Eastern Edge,01,W5-5-01,40184a86-4a05-4657-b733-9edee9e9f8f5,5,,,,,True,False,2025-01-31,SPEC,Belmont Terrace,20 - Arts & Crafts,K.Fadl,2025-01-29,2025-02-06,Kempsville,2025-02-05,2025-02-13,Cardinal,2025-03-05,2025-03-31,Henrico,2025-04-10,2025-06-13,R.Arias,2025-04-08 00:00:00,2025-06-16,"initiated 1/28-draft complete on 02/03-lifestyle came in on 2/8
2/3/25 after one month plat delay from EDA- switched to Koontz on 3/3/25"
2025-01-27 13:26:32.294000,kfadl@tecofva.com,Foushee,03,FM-0-03,c63391b1-18c7-4eb8-9b7e-d5daee615beb,0,,,,,False,False,2025-01-28,SPEC,Westmoreland,,Y.Wang,2025-01-28,2025-02-11,HBS,2025-02-11,2025-03-04,Townes,2025-02-11,2025-02-13,Richmond,2025-03-18,,,,,
2025-01-27 14:03:26.243000,kfadl@tecofva.com,Readers Branch,28,RB-7-28,f2c865e6-9f64-49e0-b241-1dcca89eb290,7,,,,,True,False,2025-01-27,Contract,Linden Terrace,30 - Craftsman,C.Zobel,2025-02-28,2025-03-09,HBS,2025-03-09,2025-03-19,EDA,2025-03-11,2025-03-21,Goochland,2025-03-21,2025-04-16,R.Arias,2025-03-25 04:00:00,2025-04-22,"LF on2/4 
LF change coming 2/10/2025
LF CHANGE 12/18/25
LF change 2/25

3/7: delaying plat request due to EDA delay; need to verify if still sending to EDA"
2025-01-29 13:33:43.914000,kfadl@tecofva.com,West Broad Village Eastern Edge,01,W5-1-01,4b655b84-f3ec-4532-ab19-d65647abc55d,1,,,,,True,False,,SPEC,,,K.Fadl,,,Kempsville,,,EDA,,,Henrico,,,,,,
2023-11-09 21:37:13.795000,,Lauradell,36,LA-1-36,aecc43ca-1775-40a3-9ad3-62e233465aa7,1,,Permit & Hold,,,True,False,,Permit & Hold,Helena,20 - Arts & Crafts,C.Zobel,2023-11-08,2023-11-09,Struc Tech,2023-11-13,2023-11-17,EDA,2023-11-13,2023-11-20,,,,,,2023-12-18,
2024-01-11 13:12:10.013000,kfadl@tecofva.com,Creeks Edge,17,CE-X-7-17,2de1ff84-b2e8-4ddd-8d7f-8d1886d182ad,X-7,,,,,True,False,,,,,R.Arias,2022-06-01,2022-06-01,Struc Tech,2022-06-01,2022-06-16,,2022-06-01,2022-06-20,Richmond,2022-06-29,2022-11-16,,,,
2024-08-13 12:52:19.996000,kfadl@tecofva.com,West Broad Village Eastern Edge,02,W5-5-02,061cf5a8-d50d-466d-a517-7922b5ace6f9,5,,,,,True,False,2025-01-30,SPEC,Ridge Terrace,10 - Traditional,K.Fadl,2025-01-30,2025-02-07,Kempsville,2025-02-07,2025-02-14,Cardinal,2025-03-05,2025-03-31,Henrico,2025-04-10,2025-06-12,R.Arias,2025-04-08 04:00:00,2025-06-13,"Ridge Terrace new product
2/3/25 after one month plat delay from EDA- switched to Koontz on 3/3/25
SPEC initiated 04/23/25"
2024-10-16 20:15:27.951000,kfadl@tecofva.com,Womack,40,WM-1-40,e203498b-9747-49c1-bfcf-2475329ab964,1,,,,,True,False,2025-01-30,SPEC,Magnolia,40 - European,M.Robinson,2025-01-30,2025-02-08,Kempsville,2025-02-09,2025-02-19,High Mark,2025-02-09,2025-02-18,Chesterfield,2025-02-21,2025-02-26,R.Arias,2025-02-15 02:00:00,2025-02-28,"Lot changed back to WM 37 after BBPs on 12/3/24- It was originally on 37 and changed twice.

01-28-2025 A new spec was initiated.

02-14-2025 ENG/PLAT Set resent due to house needing to be flipped (Expected return date 2/19/2025)"
2024-12-19 19:19:56.803000,kfadl@tecofva.com,The Preserve TH,196,PT-5-196,7fa99989-ab1d-4400-8ba1-e7dd01b3aa16,5,,,,,False,False,2025-01-07,Permit & Hold,Millcreek,10 - Traditional,Y.Wang,2025-01-08,2025-02-07,Riverside,2025-02-07,2025-02-20,Foresite,2025-02-07,2025-02-13,Montgomery,,,,,,New SPEC addendum LF 07-01-2025
2025-01-27 13:26:40.636000,kfadl@tecofva.com,Foushee,05,FM-0-05,664a8572-d210-40c3-9e15-735faf8164c0,0,,,,,False,False,2025-01-28,SPEC,Park,,Y.Wang,2025-01-28,2025-02-11,HBS,2025-02-11,2025-03-04,Townes,2025-02-11,2025-02-13,Richmond,2025-03-18,,,,,
2025-01-29 13:33:48.021000,kfadl@tecofva.com,West Broad Village Eastern Edge,02,W5-1-02,30c6cda8-34f1-46d9-95bd-9870f4f88eb9,1,,,,,True,False,,SPEC,,,K.Fadl,,,Kempsville,,,EDA,,,Henrico,,,,,,all brick ridge terrace
2025-02-03 13:30:24.308000,kfadl@tecofva.com,Sweetspire,21,SP-0-21,f022ae31-b49c-4272-902f-8b8fb3dd997d,0,,,,,True,False,2025-02-02,Contract,Fulton,B - Folk Victorian,Y.Wang,2025-02-13,2025-02-15,Struc Tech,2025-02-15,2025-02-20,EDA,2025-02-15,2025-04-09,Henrico,2025-04-10,2025-05-08,R.Arias,2025-03-06 17:00:00,2025-05-09,"Re-assigned drafting person 02/12/25
LATE LF- 3/11/25- Tub to shower@ bath 2
LATE LF 7/9/2025 - laundry sink rough in and solar panels"
2024-01-11 13:11:23.737000,kfadl@tecofva.com,Brunswick,3,BR-BLOCK 1-3,589e4116-a6bd-4824-8bd4-ae62ef202f92,BLOCK 1,,,,,True,False,,SPEC,Pearl,,K.Fadl,2023-12-11,2023-12-12,Kempsville,2023-10-23,2023-11-15,Townes,2023-10-19,2023-11-01,Hanover,2023-11-30,2024-01-02,,,2024-01-05,
2024-10-01 18:42:51.409000,kfadl@tecofva.com,Brunswick,7,BR-1-7,ae0db3cd-40a3-4be6-8794-8ffab87b8f3a,1,,,,,False,True,,SPEC,,,L.Rodgers,,,Kempsville,,,Townes,,,Hanover,,,,,,
2025-01-03 20:17:21.103000,kfadl@tecofva.com,Readers Branch,19,RB-6-19,ab9ae770-f349-44a4-88c2-07174caaaecf,6,,,,,False,False,2025-08-26,Contract,Corvallis,40 - European,Y.Wang,2025-10-02,,Struc Tech,,,EDA,,,Goochland,,,R.Arias,,,reassigned to Matthew on 1/20/25
2025-02-03 13:18:22.999000,kfadl@tecofva.com,The Meadows,28,MD-1-28,48258cee-f4c1-4b86-9db0-e0cc53558d01,1,,,,,True,False,2025-02-03,Contract,Linden Terrace,25 - Folk Victorian,C.Zobel,2025-03-29,2025-04-04,Riverside,2025-04-04,2025-04-23,High Mark,2025-04-09,2025-04-16,Christiansburg,2025-05-15,2025-06-27,R.Arias,2025-04-06 08:00:00,2025-06-27,"3/7/25: late LF. elevation change w/ lifestyle changes
3/11/25: told another lifestyle change is coming. 
3/25/25: LF w/ deck expansion, and door swaps (late LF completion not confirmed in addendum)
3/31/25: lifestyle completion confirmed via email (need to remind sales to confirm via addendum in the future)

information in addenda missing: basement bathroom rough-in location & layout; final layout of deck (shifted away from family room corner). information received via email

late engineering. expected 4/14, received 4/22

engineering revisions were needed and received 4/28/25. large reverse gable on initial design deemed structurally inefficient

5/5 - alternate roof design approved by buyer and sent for re-engineering

5/12 - revised engineering received"
2023-11-21 15:01:36.185000,sreddy@tecofva.com,Harpers Mill,42,HM-7-42,550c9e07-3548-4d87-90e1-81c057822f08,7,,,,,True,False,,SPEC,Belmont,10 - Traditional,C.Zobel,,2023-10-31,Struc Tech,2023-10-31,2023-11-09,Koontz,2023-10-31,2023-11-06,,,,,,2023-11-28,
2024-01-11 13:11:14.469000,kfadl@tecofva.com,Brunswick,2,BR-BLOCK 1-2,3ecea7c6-18fc-492e-a8ab-89763f5911e0,BLOCK 1,,,,,True,False,,SPEC,Brady,,K.Fadl,2023-12-11,2023-12-12,Kempsville,2023-10-23,2023-11-15,Townes,2023-10-19,2023-11-01,Hanover,2023-11-30,2024-01-02,,,2024-01-05,
2025-01-29 13:28:00.691000,kfadl@tecofva.com,Parke @ Westport,01,PW-1-01,78196e00-5a9b-4ee8-bf52-21f66fd19076,1,,,,,False,False,2025-01-30,SPEC,Davidson,10 - Traditional,K.Fadl,2025-01-31,2025-02-08,Kempsville,2025-02-08,2025-02-19,AES,2025-02-08,2025-03-31,James City,2025-04-16,2025-09-04,,,2025-09-09,"Needed information about garage side and siting before drafting could start.
ARB requested changes 4/29/25- Resent Plat and Structural"
2024-10-01 18:42:45.114000,kfadl@tecofva.com,Brunswick,5,BR-1-5,a135af47-5b6a-4559-867c-d1d245e790bc,1,,,,,False,True,,SPEC,,,L.Rodgers,,,Kempsville,,,Townes,,,Hanover,,,,,,late LF-8/29/2025- remove kitchen soffit and add gas plumbing
2025-01-20 13:58:59.583000,kfadl@tecofva.com,The Preserve,529,PR-7-529,50fc415b-cb31-4de8-94f9-a47ca4d5c7b2,7,,,,,True,False,2025-01-13,Contract,Savannah,A - Folk Victorian,R.Arias,2025-02-25,2025-03-01,Riverside,2025-03-04,2025-03-09,Foresite,2025-03-04,2025-03-18,Montgomery,2025-03-26,2025-04-15,R.Arias,2025-03-01 11:00:00,2025-04-15,"LF CHANGE ON 2/25- TRAY CEILING/DBL DOOR.
Sent for Steel eng on 03/11; STEEL rcvd on 03/20"
2025-02-03 13:15:11.466000,kfadl@tecofva.com,Brunswick,06,BR-1-06,fc8ef36f-4c4c-490e-b834-ee99bdef0eec,1,,,,,True,False,2025-01-30,Contract,Lillie,10 - Traditional,M.Robinson,2025-03-04,2025-03-14,Kempsville,2025-03-14,2025-03-27,Townes,2025-03-14,2025-03-26,Hanover,2025-04-15,2025-04-25,,,2025-05-02,"LF in 2/12/25 but cannot start until we get the rest of the building specs
LF change coming- informed on 2/25/25
LF#2 missing drawing- received 2/28/25
LF: 3/6/25- Door Swap CR removed"
2023-11-29 16:40:30.550000,kfadl@tecofva.com,The Preserve,407,PR-1-407,a5875fcd-0c8e-41c1-9e4f-ff8af599dee1,1,,,,,True,False,,,Linden III,30 - Craftsman,C.Zobel,,2023-12-05,Riverside,2023-12-06,2023-12-08,Gay and Neel,2023-12-06,2023-12-15,,,,,,2024-02-06,
2023-11-29 16:40:47.336000,kfadl@tecofva.com,Readers Branch,39,RB-5-39,283188de-efc9-40b1-8377-e741a9e865e8,5,,,,,True,False,,,Linden III,10 - Traditional,C.Zobel,,2023-11-28,Struc Tech,2023-11-29,2023-12-04,EDA,2023-11-29,2023-12-05,,,,R.Arias,2024-01-10 10:00:00,2024-01-29,
2024-01-11 13:12:06.188000,kfadl@tecofva.com,Creeks Edge,16,CE-X-7-16,cfb1e9c2-d210-43fc-bf46-0df9255be8da,X-7,,,,,True,False,,,,,R.Arias,2022-06-01,2022-06-01,Struc Tech,2022-06-01,2022-06-16,,2022-06-01,2022-06-20,Richmond,2022-06-29,2022-11-16,,,,
2024-06-17 14:41:13.037000,rarias@tecofva.com,The Meadows,19,MD-1-19,4618a80b-df71-483a-99d8-41ff0ac4ded8,1,,,,,True,False,,Permit & Hold,Pearl Terrace,10 - Traditional,R.Arias,2024-04-08,2024-04-25,Riverside,2024-04-25,2024-04-30,Gay and Neel,2024-04-25,2024-05-02,Christiansburg,2024-05-16,2024-06-06,R.Arias,2024-05-07 04:00:00,2024-06-10,
2024-10-01 18:42:48.256000,kfadl@tecofva.com,Brunswick,6,BR-1-6,79af849c-4c8a-4963-9c45-6fd200d532f4,1,,,,,False,True,,SPEC,,,L.Rodgers,,,Kempsville,,,Townes,,,Hanover,,,,,,
2025-01-27 13:26:24.483000,kfadl@tecofva.com,Foushee,01,FM-0-01,15a5927d-dd5c-428b-b54f-81248f7b9e20,0,,,,,False,False,2025-01-28,SPEC,Rowland,,Y.Wang,2025-01-28,2025-02-11,HBS,2025-02-11,2025-03-04,Townes,2025-02-11,2025-02-13,Richmond,2025-03-18,,,,,
2025-02-03 13:21:25.379000,kfadl@tecofva.com,Brunswick,05,BR-1-05,198fb46c-c246-443b-bb7b-e529c38c9d61,1,,,,,True,False,2025-01-31,Contract,Lillie,10 - Traditional,M.Robinson,2025-03-05,2025-03-15,Kempsville,2025-03-15,2025-03-27,Townes,2025-03-15,2025-03-26,Hanover,2025-04-15,2025-04-25,,,2025-05-02,"LF-8/29/2025- remove kitchen soffit and add gas plumbing
LF in 2/12/25 but cannot start until we get the rest of the building specs
LF CHANGE- 03/24/25 remove barrier free shower
BBP DELAYED BECAUSE NEED BARIER FREE SHOWER BY CODE, OR REVERT TO TUB- 05-01-25"
2023-11-21 14:27:11.181000,sreddy@tecofva.com,The Preserve,418,PR-1-418,071b03af-a0a7-44b8-93c8-894ca1c926c8,1,,,,,True,False,,Permit & Hold,Corvallis,40 - European,C.Zobel,2023-11-14,2023-11-15,Riverside,2023-11-15,2023-11-21,High Mark,2023-12-09,2023-12-19,Christiansburg,2023-12-19,,,,2024-01-11,
2023-11-21 14:44:33.934000,sreddy@tecofva.com,Parkside Village,22,PV-5-22,3578536a-0080-49b5-8fee-7a3d7e7490ea,5,,,,,True,False,,,Hartford II,BSE - Arts & Crafts,C.Zobel,,2023-11-17,Struc Tech,2023-11-17,2023-11-30,EDA,2023-11-17,2023-12-05,,,2023-12-26,,,2023-12-27,
2024-01-11 13:11:57.554000,kfadl@tecofva.com,Creeks Edge,14,CE-X-7-14,06da1a8a-0e7b-4d69-91dd-bcb1afb8a42e,X-7,,,,,True,False,,,,,R.Arias,2022-06-01,2022-06-01,Struc Tech,2022-06-01,2022-06-16,,2022-06-01,2022-06-20,Richmond,2022-06-29,2022-11-16,,,,
2024-11-14 13:35:02.257000,kfadl@tecofva.com,Settler's Ridge,67,SE-e-67,feae2833-e835-48bb-a24b-3d133a3b1080,e,,,,,False,False,2025-02-05,Contract,Pearl Ranch,20 - Craftsman,K.Fadl,2025-02-05,2025-02-08,Kempsville,2024-11-22,2024-12-05,Koontz,2025-02-08,2025-02-21,Henrico,2024-12-04,2025-03-05,R.Arias,2025-02-28 12:00:00,2025-03-05,"SPEC INITIATED 10/11/24
PERMIT SENT 12/04/24
SOLD W/LF CHANGES 02/04/25
PLAT REVISION 02/07/2025
LF change 02/17/25-EXISTING TRANSOM W/ TILE SURROUND ADDED"
2024-12-19 19:19:41.353000,kfadl@tecofva.com,The Preserve TH,193,PT-5-193,f81c57d5-4cc7-4911-93f5-83573c8ffb1f,5,,,,,False,False,2025-01-07,Permit & Hold,Highland,10 - Traditional,Y.Wang,2025-01-08,2025-02-07,Riverside,2025-02-07,2025-02-20,Foresite,2025-02-07,2025-02-13,Montgomery,,,R.Arias,,,
2025-01-21 15:20:18.293000,kfadl@tecofva.com,Settler's Ridge,33,SE-A-33,511dd5d7-c932-49c7-8ab2-eb7df98bfb6f,A,,,,,False,False,2025-01-21,Contract,Azalea,Craftsman,M.Robinson,2025-02-05,2025-02-12,Kempsville,2025-02-12,2025-02-19,Koontz,2025-02-12,2025-02-20,Henrico,2025-02-27,2025-03-12,R.Arias,2025-03-07 07:00:00,2025-03-18,
2023-11-21 14:52:51.210000,sreddy@tecofva.com,Readers Branch,18,RB-4-18,61871b6d-cc83-460f-9dde-b217750a29a9,4,,,,,True,False,,SPEC,Corvallis,Craftsman,R.Arias,,2023-10-18,Struc Tech,2023-10-19,2023-10-26,EDA,2023-10-19,2023-10-30,Goochland,2023-10-30,2023-11-20,R.Arias,2023-11-10 05:00:00+00:00,2023-12-28,
2023-11-21 15:00:17.471000,sreddy@tecofva.com,Readers Branch,60,RB-5-60,b22db241-52a0-4ebb-b4d1-b3aa6ad1e922,5,,,,,True,False,,SPEC,Belmont Terrace,Arts & Crafts,C.Zobel,,,Struc Tech,2023-10-30,2023-11-07,EDA,2023-10-30,2023-11-07,Goochland,,,,,2024-01-16,
2024-01-11 13:11:04.890000,kfadl@tecofva.com,Brunswick,1,BR-BLOCK 1-1,fe81478d-60a1-4594-9851-25655657fe8c,BLOCK 1,,,,,True,False,,SPEC,Lillie,,K.Fadl,2023-12-11,2023-12-12,Kempsville,2023-10-23,2023-11-15,Townes,2023-10-19,2023-11-01,Hanover,2023-11-30,2024-01-02,,,2024-01-05,MODEL
2024-12-19 19:19:47.077000,kfadl@tecofva.com,The Preserve TH,194,PT-5-194,fcdb0d70-4941-4570-aac2-48a62848085d,5,,,,,False,False,2025-01-07,Permit & Hold,Millcreek,10 - Traditional,Y.Wang,2025-01-08,2025-02-07,Riverside,2025-02-07,2025-02-20,Foresite,2025-02-07,2025-02-13,Montgomery,,,,,,New SPEC addendum LF 07-01-2025
2024-12-19 19:19:52.233000,kfadl@tecofva.com,The Preserve TH,195,PT-5-195,ccf111d6-ad46-4e63-88fb-a30162fba12d,5,,,,,False,False,2025-01-07,Permit & Hold,Millcreek,10 - Traditional,Y.Wang,2025-01-08,2025-02-06,Riverside,2025-02-06,2025-02-20,Foresite,2025-02-06,2025-02-13,Montgomery,,,,,,
2025-01-08 14:12:14.417000,kfadl@tecofva.com,Readers Branch,34,RB-6-34,97656145-7240-406a-ae57-a412af916a4b,6,,,,,True,False,2025-01-03,Contract,Fulton,A - Colonial,C.Zobel,2025-02-15,2025-02-19,Struc Tech,2025-02-18,2025-02-25,EDA,2025-02-18,2025-03-11,Goochland,2025-03-18,2025-04-14,B.Ward,2025-04-05 08:00:00,2025-04-22,"LF DUE 01/14/25 but they said more are coming on 1/20 and never heard back.
Late LF 2/13"
2025-01-27 13:26:28.294000,kfadl@tecofva.com,Foushee,02,FM-0-02,768c502a-2533-47ed-b9b9-44803cb9e402,0,,,,,False,False,2025-01-28,SPEC,Park,,Y.Wang,2025-01-28,2025-02-11,HBS,2025-02-11,2025-03-04,Townes,2025-02-11,2025-02-13,Richmond,2025-03-18,,,,,
2025-02-04 12:33:36.361000,kfadl@tecofva.com,Readers Branch,32,RB-6-32,77d0ce9d-62c2-4d2d-9a4c-c79253c94189,6,,,,,True,False,2025-02-05,Contract,Fulton,BSE - Arts & Crafts,Y.Wang,2025-02-22,2025-02-26,Struc Tech,2025-02-26,2025-03-07,EDA,2025-02-26,2025-04-09,Goochland,2025-04-15,2025-05-12,S.catasus,2025-04-29 04:00:00,2025-05-14,"LF: ELEVATION CHANGE 2/21
3/4/25: LF ADDED HRDWD STAIRS"
2024-01-11 13:11:30.595000,kfadl@tecofva.com,Brunswick,4,BR-BLOCK 1-4,ec4a6298-6405-42fc-88fa-8fcd14394f44,BLOCK 1,,,,,True,False,,SPEC,Lillie,,K.Fadl,2023-12-11,2023-12-12,Kempsville,2023-10-23,2023-11-15,Townes,2023-10-19,2023-11-01,Hanover,2023-11-30,2024-01-02,,,2024-01-05,
2024-01-11 13:12:14.177000,kfadl@tecofva.com,Creeks Edge,18,CE-X-7-18,ee5958ce-1d5d-490e-948d-6531e97516fb,X-7,,,,,True,False,,,,,R.Arias,2022-06-01,2022-06-01,Struc Tech,2022-06-01,2022-06-16,,2022-06-01,2022-06-20,Richmond,2022-06-29,2022-11-16,,,,
2025-01-09 21:00:58.694000,kfadl@tecofva.com,Sweetspire,02,SP-0-02,dce6aed8-0484-4eea-9a82-7cf7627a7fb5,0,,,,,True,False,2025-02-01,SPEC,Belmont,30 - Arts & Crafts,M.Robinson,2025-02-01,2025-02-07,Struc Tech,2025-02-08,2025-02-12,EDA,2025-02-08,2025-02-18,Henrico,2025-02-21,2025-03-13,R.Arias,2025-02-20 02:00:00,2025-03-18,
2025-01-27 13:26:44.290000,kfadl@tecofva.com,Foushee,06,FM-0-06,743c54ba-435b-4405-9456-d9f1d4657413,0,,,,,False,False,2025-01-28,SPEC,Rowland,,Y.Wang,2025-01-28,2025-02-11,HBS,2025-02-11,2025-03-04,Townes,2025-02-11,2025-02-13,Richmond,2025-03-18,,,,,
2025-02-03 13:21:17.830000,kfadl@tecofva.com,Creeks Edge,05,CE-1-05,a81f4642-0aa3-4a1e-930f-0ede7aba4842,1,,,,,True,False,,,,,,,,,,,,,,,,,,,,
2023-11-21 14:58:13.175000,sreddy@tecofva.com,Readers Branch,41,RB-5-41,8b41889b-e08b-49fb-80eb-2c2b787370e5,5,,,,,True,False,,SPEC,Azalea,Arts & Crafts,R.Arias,2024-04-25,2024-03-21,Struc Tech,2024-03-21,2024-03-26,EDA,2024-03-21,2024-03-28,Goochland,2024-03-28,2024-04-30,R.Arias,2024-04-03 12:00:00,2024-05-01,"Redo- This lot was switched with 42-5 after permit was received and BBPs posted.
"
2024-07-26 12:19:56.024000,kfadl@tecofva.com,Row at Westhampton,12,RW-5-12,4af56e2c-df12-468f-8330-f72da1e17c91,5,,,,,True,False,,,,,,,,,,,,,,,,,,,,
2025-01-09 21:00:53.619000,kfadl@tecofva.com,Sweetspire,01,SP-0-01,80665bcc-f50b-4627-acea-4a49569e68b8,0,,,,,True,False,2025-02-01,SPEC,Linden III,25 - Folk Victorian,M.Robinson,2025-02-01,2025-02-06,Struc Tech,2025-02-07,2025-02-12,EDA,2025-02-07,2025-02-17,Henrico,2025-02-19,2025-03-13,R.Arias,2025-02-18 16:00:00,2025-03-17,
2023-12-20 20:47:51.144000,sreddy@tecofva.com,The Preserve,406,PR-1-406,88cb8b89-4604-4b59-b734-9f9697379d8b,1,,,,,True,False,,,Savannah,B - Craftsman,C.Zobel,,2023-12-21,Riverside,2023-12-22,2023-12-29,Gay and Neel,2024-01-09,2024-01-18,,,,,,2024-03-20,
2024-12-19 19:20:00.009000,kfadl@tecofva.com,The Preserve TH,197,PT-5-197,234cef77-3d89-40ad-b413-08d87872c7a8,5,,,,,False,False,2025-01-07,Permit & Hold,Highland,10 - Traditional,Y.Wang,2025-01-08,2025-02-06,Riverside,2025-02-06,2025-02-20,Foresite,2025-02-06,2025-02-13,Montgomery,,,,,,
2025-01-21 15:14:31.024000,kfadl@tecofva.com,The Preserve,533,PR-7-533,837ee585-a223-488b-80f6-87201eb5ca48,7,,,,,True,False,2025-01-23,Contract,Linden Terrace,30 - Craftsman,C.Zobel,2025-04-10,2025-04-17,Riverside,2025-04-20,2025-05-07,Foresite,2025-05-09,2025-05-17,Montgomery,2025-05-21,2025-06-06,R.Arias,2025-05-01 00:00:00,2025-06-11,"Significant grading issues. please have Jamie review prior.

homesite report / plat request delayed until Jamie review

4/21 additional changes per Jamie. sent for buyer review. 

4/28 Prelim homesite report sent

5/5 received confirmation from Jamie that additional changes were approved by buyer

5/8 prelim homesite report approved, sent for plat"
2025-01-27 13:26:36.500000,kfadl@tecofva.com,Foushee,04,FM-0-04,2a7f1869-898a-4451-af91-d515c7a02a00,0,,,,,False,False,2025-01-28,SPEC,Westmoreland,,Y.Wang,2025-01-28,2025-02-11,HBS,2025-02-11,2025-03-04,Townes,2025-02-11,2025-02-13,Richmond,2025-03-18,,,,,
2025-01-29 13:28:04.189000,kfadl@tecofva.com,Parke @ Westport,02,PW-1-02,e79f5333-c27f-4a56-8504-fedca620be17,1,,,,,False,False,2025-01-25,SPEC,Pembroke,10 - Traditional,C.Zobel,2025-01-31,2025-02-11,Kempsville,2025-02-12,2025-02-20,AES,2025-03-11,2025-04-03,James City,2025-04-16,2025-09-04,,,,"Needed information about garage side and siting before drafting could start.
Elevation change per Josh request and ARB approval sent out to engineering and new plat 7/2025."
2025-02-03 12:41:51.389000,kfadl@tecofva.com,Sweetspire,13,SP-0-13,1adc45da-41d1-447b-81d3-ccbf9123ff4b,0,,,,,True,False,2025-01-29,Contract,Fulton,A - Colonial,R.Arias,2025-02-21,2025-03-01,Struc Tech,2025-03-01,2025-03-06,EDA,2025-03-01,2025-04-07,Henrico,2025-04-08,2025-05-14,R.Arias,2025-03-04 16:00:00,2025-05-14,
2023-11-21 15:00:51.051000,sreddy@tecofva.com,Readers Branch,30,RB-5-30,95400812-76b3-43bc-b91e-8fc47081006f,5,,,,,True,False,,SPEC,Fulton,Folk Victorian,C.Zobel,,,Struc Tech,2023-10-31,2023-11-03,EDA,2023-10-31,2023-11-13,Goochland,,,R.Arias,2024-02-16 10:00:00,2024-01-15,
2024-01-11 13:12:01.891000,kfadl@tecofva.com,Creeks Edge,15,CE-X-7-15,8bfe469e-ddd8-4ce8-84bb-5ad3b8717db8,X-7,,,,,True,False,,,,,R.Arias,2022-06-01,2022-06-01,Struc Tech,2022-06-01,2022-06-16,,2022-06-01,2022-06-20,Richmond,2022-06-29,2022-11-16,,,,
2025-01-27 13:54:33.307000,kfadl@tecofva.com,Sweetspire,14,SP-0-14,c85238dd-8a67-487f-ae13-3e8052fddf54,0,,,,,True,False,2025-01-24,Contract,Belmont,20 - Craftsman,M.Robinson,2025-02-05,2025-02-13,Struc Tech,2025-02-13,2025-02-18,EDA,2025-02-13,2025-03-06,Henrico,2025-03-07,2025-04-02,R.Arias,2025-03-04 16:00:00,2025-04-03,
2024-11-26 20:45:17.356000,kfadl@tecofva.com,Readers Branch,42,RB-6-42,8cbbdbf9-a6b0-4f9b-af53-afcb84ed3391,6,,,,,True,False,2025-02-14,Contract,Belmont,10 - Traditional,Y.Wang,2025-02-26,2025-03-05,Struc Tech,2025-03-05,2025-03-07,EDA,2025-03-05,2025-04-10,Goochland,2025-04-11,2025-05-12,B.Ward,2025-04-24 20:00:00,2025-05-14,"Corvallis- Lot moved to RB 40-6 on  11/22/24
"
2025-02-05 14:07:46.639000,kfadl@tecofva.com,The Preserve,534,PR-7-534,15446f6a-468f-4f7c-a20e-cb60366d7d27,7,,,,,True,False,2025-02-08,Contract,Westminster,B - Craftsman,Y.Wang,2025-03-05,2025-04-17,Riverside,2025-04-16,2025-04-29,Foresite,2025-04-17,2025-04-24,Montgomery,2025-05-03,2025-05-22,R.Arias,2025-04-18 12:00:00,2025-05-28,"LF- 3/19- ADD LAUNDRY SINK R.I.
Reassigned from Clemens to Yena on 4/8/25
Engineering first received on 4/25 and revised on 4/29
Late LF _window on 6/6/25 need to resend to engineering"
2025-02-21 20:54:34.114000,kfadl@tecofva.com,Brunswick,08,BR-1-08,dd5ea28a-1afa-48d8-a498-7d73e86f2f95,1,,,,,True,False,2025-02-26,SPEC,Lillie,10 - Traditional,M.Robinson,2025-03-05,2025-03-14,Kempsville,2025-03-14,2025-03-27,Townes,2025-03-14,2025-03-26,Hanover,2025-04-15,2025-04-25,,,2025-05-02,awning window request via email -6/3/2025
2025-04-07 11:34:12,kfadl@tecofva.com,Readers Branch,27,RB-5-27,eba87dd5-6b0e-4b01-8dcf-6bf4837b8806,5,,,,,True,False,2025-04-06,SPEC,Linden III,10 - Traditional,Y.Wang,2025-04-09,2025-04-12,Struc Tech,2025-04-12,2025-05-03,EDA,2025-03-27,2025-03-27,Goochland,2025-01-02,2025-04-23,R.Arias,2025-07-08 20:00:00,2025-07-11,"Previously permitted on DEC 2024
Berton asked for house flip to garage right on 5/13"
2025-03-11 11:58:50.816000,kfadl@tecofva.com,Readers Branch,26,RB-6-26,7cc2a539-d9a4-4c8a-858f-710bedc7d04f,6,,,,,True,False,2025-03-11,Contract,Belmont,30 - Arts & Crafts,Y.Wang,2025-03-26,2025-03-27,Struc Tech,2025-03-27,2025-03-28,EDA,2025-03-27,2025-04-11,Goochland,2025-04-11,2025-05-12,B.Ward,2025-04-19 16:00:00,2025-05-13,
2025-04-09 11:53:10.378000,kfadl@tecofva.com,Readers Branch,09,RB-7-09,5984e6e0-bc7b-4b13-b2c4-ac34d80bd23e,7,,,,,True,False,2025-04-10,Contract,Linden III,Folk Victorian,K.Fadl,2025-05-24,2025-05-28,Struc Tech,2025-05-28,2025-06-11,EDA,2025-05-28,2025-06-05,Goochland,2025-06-06,2025-07-15,R.Arias,2025-07-04 08:00:00,2025-07-17,"4/29/25-Incomplete LF- Need custom elevation approval, lanai size and foundation for 2-foot extension approved. 
sent for revised engineering 6/4/25
"
2025-04-15 18:06:33.009000,kfadl@tecofva.com,Sweetspire,15,SP-0-15,4765e01f-8a73-48af-b892-06f11ec83f51,0,,,,,True,False,2025-04-23,Contract,Linden Terrace,30 - Craftsman,Y.Wang,2025-05-22,2025-05-31,HBS,2025-05-31,2025-06-06,EDA,2025-05-31,2025-06-17,Henrico,2025-06-23,2025-07-24,,2025-06-06 20:00:00,2025-07-25,"6/5/25- plat delay- requested homestite report
7/21/25 - re-plat for basement projected brick wall for County Proffer and comments
7/22/25 -sent to amend permit "
2025-03-18 19:58:29.950000,kfadl@tecofva.com,Sweetspire,08,SP-0-08,21cf4bc8-fdd9-4a92-be88-0f94b51ef39f,0,,,,,True,False,2025-03-19,SPEC,Hartford II,B - Craftsman,Y.Wang,2025-03-19,2025-03-21,Struc Tech,2025-03-21,2025-03-27,EDA,2025-03-21,2025-04-16,Henrico,2025-04-16,2025-05-06,R.Arias,2025-03-28 00:00:00,2025-05-12,"bath 2 and 3 vanities tagged as 48"" but modeled as 36""V- 6/26/25"
2025-03-18 20:09:42.377000,kfadl@tecofva.com,Readers Branch,03,RB-5-03,48d6c788-89df-4253-a1ec-c4b5532741b0,5,,,,,True,False,2025-03-20,Contract,Fulton Terrace,A - Colonial,Y.Wang,2025-04-16,2025-04-18,HBS,2025-04-18,2025-04-24,EDA,2025-04-18,2025-04-25,Goochland,2025-01-01,2025-05-29,B.Ward,2025-05-01 16:00:00,2025-06-04,"5/22/25 schedule page turn to make sure chase it taken care of correctly. PM to review .

permitted under 2018 code
LF 4/11/25
Permit resent- 5/2/25
LF change coming- add transoms via email 6/9/2025
LF 6-12-25 add transoms"
2025-03-19 17:54:59.417000,kfadl@tecofva.com,Readers Branch,23,RB-7-23,ce47d0a2-6e0c-44c6-90a9-59d367c8ea4a,7,,,,,True,False,2025-03-07,Contract,Linden Terrace,30 - Craftsman,C.Zobel,2025-03-10,2025-03-20,HBS,2025-03-20,2025-04-02,EDA,2025-03-20,2025-04-16,Goochland,2025-04-29,2025-05-23,B.Ward,2025-04-30 00:00:00,2025-05-29,Lot changed from 45-6-on 3/7/25 with an elevation change traditional to craftsman
2025-04-16 15:38:56.069000,kfadl@tecofva.com,Readers Branch,10,RB-7-10,d1a4fbdb-e0d4-4394-b580-0f9c97f9a873,7,,,,,True,False,2025-02-02,Contract,Linden III,30 - Craftsman,C.Zobel,2025-04-12,2025-05-08,HBS,2025-05-07,2025-05-20,EDA,2025-05-07,2025-05-15,Goochland,2025-05-23,2025-06-24,S.catasus,2025-05-30 12:00:00,2025-06-25,"basement
original homesite 36-7 changed 2/25/25
Original LF on 2/27/25 but incomplete.
LF inquiry email sent 3/13/25
New LF with significant changes pending
late LF- 03/31/25 and Potential Lot change to RB-10-7
4/10- new TBB contract on lot 10-7
4/16 - requested driveway side confirmation from field ops
4/18 - requested driveway side confirmation from project manager
4/25 - received driveway side confirmation
5/14 - need to flip driveway per plat engineer"
2025-02-24 12:35:47.918000,kfadl@tecofva.com,Brunswick,38,BR-1-38,c2d43855-05e8-4ebc-8805-4036628066b3,1,,,,,True,False,2025-01-26,Contract,Lillie,10 - Traditional,M.Robinson,2025-04-02,2025-04-11,Kempsville,2025-04-11,2025-05-14,Townes,2025-04-11,2025-04-18,Hanover,2025-05-16,2025-05-21,,,2025-05-30,"05-02-2025 - ENG Received from Kempsville but missing Calcs and Stepped Gable Trusses
moved to starts on 5/14
Removed Shower option to Tub Bath for accessibility on 6/9/25"
2025-03-20 15:08:42.531000,kfadl@tecofva.com,Brunswick,39,BR-0-39,6ece4bb5-312c-408b-bc53-e340ef579e72,0,,,,,True,False,2025-03-23,SPEC,Lillie,10 - Traditional,M.Robinson,2025-04-02,2025-04-11,Kempsville,2025-04-11,2025-05-14,Townes,2025-04-11,2025-05-18,Hanover,2025-05-17,2025-05-22,,,2025-05-30,"moved to starts 5/14
SOLD- 6/23/24 with LF changes.
LATE LF changes on 6/24/25- need to update BBPs"
2025-02-04 12:34:58.048000,kfadl@tecofva.com,Sweetspire,05,SP-0-05,b31fe2ad-9b65-4f28-adc7-7d8fa6fecfb4,0,,,,,True,False,2025-02-05,Contract,Corvallis,BSE - Arts & Crafts,M.Robinson,2025-02-20,2025-02-26,Struc Tech,2025-02-26,2025-03-04,EDA,2025-02-26,2025-03-26,Henrico,2025-03-31,2025-05-13,R.Arias,2025-03-04 11:00:00,2025-05-14,"- LATE LF COMING 2/21
- Waiting for design to determine kitchen dimension discrepancies "
2025-02-28 18:59:38.267000,kfadl@tecofva.com,Readers Branch,13,RB-7-13,e0079328-d26b-42f9-9c6c-4a4399102e62,7,,,,,True,False,2025-02-28,Contract,Linden Terrace,30 - Craftsman,Y.Wang,2025-03-19,2025-04-16,HBS,2025-04-16,2025-04-23,EDA,2025-04-16,2025-04-18,Goochland,2025-04-29,2025-05-23,B.Ward,2025-04-30 00:00:00,2025-05-27,"reassigned to Yena on 4/8/2025
cast in place change
New addendum LF 07-01-2025 covered deck"
2025-03-06 13:42:12.025000,kfadl@tecofva.com,Readers Branch,37,RB-6-37,814f7349-f259-42d6-a57b-0623ec23db5d,6,,,,,True,False,2025-03-05,Contract,Carlisle,15 - Arts & Crafts,Y.Wang,2025-03-18,2025-03-20,Struc Tech,2025-03-20,2025-04-03,EDA,2025-03-20,2025-04-10,Goochland,2025-04-10,2025-05-12,B.Ward,2025-04-30 00:00:00,2025-05-14,
2025-04-07 11:37:20.419000,kfadl@tecofva.com,Readers Branch,50,RB-5-50,eb533cca-ff1a-4bc8-a69a-7a9cd9d2c3b7,5,,,,,False,False,2025-04-04,SPEC,Corvallis,40 - European,Y.Wang,2025-04-07,2025-04-10,Struc Tech,2025-04-10,2025-04-11,EDA,2024-12-31,2024-12-31,Goochland,2024-12-31,,B.Ward,2025-01-13 10:00:00,,Previously permitted on DEC 2024
2025-04-16 17:25:57.411000,kfadl@tecofva.com,The Preserve Duplex,325,PD-6-325,bd872e2b-2572-4048-91f9-f39dfa062f98,6,,,,,True,False,2025-04-18,SPEC,Lillie,10 - Traditional,M.Robinson,2025-04-18,2025-05-03,Riverside,2025-05-03,2025-05-14,Foresite,2025-05-03,2025-05-13,Montgomery,2025-05-29,2025-06-17,,,2025-06-18,"reassigned from Clemens to Matthew on 4/24/2025
5-13-2025 waiting for adjusted stepped gable truss design 
5-19-2025 received revised struc drawings"
2025-03-06 13:42:22.488000,kfadl@tecofva.com,Readers Branch,25,RB-6-25,9cace801-a4cb-4a81-928e-068d66c6f1bd,6,,,,,True,False,2025-03-05,Contract,Fulton,BSE - Arts & Crafts,Y.Wang,2025-03-25,2025-03-26,Struc Tech,2025-03-27,2025-04-02,EDA,2025-03-27,2025-04-11,Goochland,2025-04-11,2025-05-12,B.Ward,2025-04-19 16:00:00,2025-05-13,Late LF on 4/25/25 Need new Structural-For Column post
2025-04-14 13:40:59.804000,kfadl@tecofva.com,Readers Branch,08,RB-5-08,2f9f58d5-7929-4777-930d-12cc69618ac3,5,,,,,False,False,2025-04-11,Permit & Hold,Belmont Terrace,30 - Arts & Crafts,Y.Wang,2025-04-15,2025-04-19,Struc Tech,2025-04-19,2025-04-25,EDA,2025-04-18,2025-04-28,Goochland,2024-12-31,2025-08-14,B.Ward,2025-02-06 06:00:00,2025-08-21,
2025-02-25 21:28:04.572000,kfadl@tecofva.com,Readers Branch,28,RB-5-28,796fd758-81b8-4d09-942f-51972304d933,5,,,,,True,False,2025-03-01,Permit & Hold,Belmont,10 - Traditional,Y.Wang,2025-02-28,2025-03-01,Struc Tech,2025-03-01,2025-03-01,EDA,2025-01-02,2025-01-02,Goochland,2025-01-03,2025-04-04,B.Ward,2025-04-06 16:00:00,2025-07-11,"copied from RB 52-5 and sent for permit 12/24
LF CHANGES- 2/26/25
SOLD:6/16/25
Resize Lanai to 12x12 per Berton/the county on 7/22 approved on 7/30"
2025-02-21 20:54:38.387000,kfadl@tecofva.com,Brunswick,07,BR-1-07,aa6a26f4-0d06-455b-bed5-f3c3a85fd2f1,1,,,,,True,False,2025-02-25,SPEC,Brady,10 - Traditional,M.Robinson,2025-03-04,2025-03-14,Kempsville,2025-03-14,2025-03-27,Townes,2025-03-14,2025-03-26,Hanover,2025-04-15,2025-04-25,,,2025-05-02,
2025-02-24 12:50:08.796000,kfadl@tecofva.com,Readers Branch,45,RB-5-45,6ea03cfe-ecce-4441-82b7-7fc9a36e8082,5,,,,,False,False,2025-02-25,SPEC,Linden Terrace,30 - Craftsman,Y.Wang,2025-02-24,2025-02-26,HBS,2025-02-26,2025-03-11,EDA,2024-12-31,2024-12-31,Goochland,2024-12-31,,R.Arias,2025-01-13 05:00:00+00:00,,was previously drafted and sent for permit 12/24
2025-04-09 11:59:01.576000,kfadl@tecofva.com,Womack,19,WM-1-19,25f599ea-f864-46f4-96c1-d16fef38ef05,1,,,,,True,False,2025-04-10,Contract,Magnolia,40 - European,M.Robinson,2025-04-11,2025-04-12,Kempsville,2025-04-12,2025-04-18,High Mark,2025-04-16,2025-04-22,Chesterfield,2025-04-29,2025-05-07,R.Arias,2025-04-16 08:00:00,2025-05-09,Still waiting for Design Selections
2025-03-20 15:08:36.039000,kfadl@tecofva.com,Brunswick,40,BR-0-40,b454bb07-c5c2-41a6-9891-309fa16e912e,0,,,,,True,False,2025-03-23,SPEC,Lillie,10 - Traditional,M.Robinson,2025-04-02,2025-04-11,Kempsville,2025-04-11,2025-05-14,Townes,2025-04-11,2025-04-18,Hanover,2025-05-17,2025-05-21,,,2025-05-30,"05-05-2025: Waiting on Garage door Header Calcs from Kempsville
Late LF after BBPs- remove transom and other changes. 06-25-25"
2025-02-04 12:41:09.369000,kfadl@tecofva.com,Womack,20,WM-1-20,e259c1c0-5833-42a3-939e-7e65996cdf11,1,,,,,True,False,2025-02-05,Contract,Azalea,Craftsman,M.Robinson,2025-02-19,2025-02-21,Kempsville,2025-02-21,2025-02-26,High Mark,2025-02-21,2025-03-06,Chesterfield,2025-03-07,2025-03-12,R.Arias,2025-03-01 01:00:00,2025-03-18,Late LF 02/25:P bath bench seat added
2025-02-25 21:28:15.348000,kfadl@tecofva.com,Readers Branch,44,RB-5-44,16490dfc-204c-454a-9bc3-c115ca086378,5,,,,,False,False,2025-02-26,Permit & Hold,Linden Terrace,10 - Traditional,Y.Wang,2025-02-26,2025-02-28,HBS,2025-02-28,2025-03-11,EDA,2024-12-31,2024-12-31,Goochland,2024-12-31,,R.Arias,2025-01-13 05:00:00+00:00,,Copied from 24-7 and sent for permit 12/24
2025-03-06 13:42:28.589000,kfadl@tecofva.com,Readers Branch,36,RB-6-36,c63817b9-aa25-49ec-a077-fa5263566bbf,6,,,,,True,False,2025-03-04,Contract,Fulton,A - Colonial,Y.Wang,2025-03-26,2025-03-28,Struc Tech,2025-03-28,2025-04-03,EDA,2025-03-28,2025-04-11,Goochland,2025-04-15,2025-05-12,S.catasus,2025-04-29 20:00:00,2025-05-22,
2025-04-16 17:26:00.865000,kfadl@tecofva.com,The Preserve Duplex,326,PD-6-326,746ba6ad-d95d-4acf-a3e4-7d268fc84cba,6,,,,,True,False,2025-04-18,SPEC,Lillie,10 - Traditional,M.Robinson,2025-04-18,2025-05-03,Riverside,2025-05-03,2025-05-14,Foresite,2025-05-03,2025-05-13,Montgomery,2025-05-29,2025-06-17,,,2025-06-18,"reassigned from Clemens to Matthew on 4/24/2025
- 5-13-2025 waiting for adjusted stepped gable truss design "
2025-02-05 14:01:28.775000,kfadl@tecofva.com,Womack,45,WM-1-45,09e3c3f6-547b-48aa-b78f-48dc41cf21a2,1,,,,,True,False,2025-02-07,Contract,Magnolia,20 - Arts & Crafts,R.Arias,2025-03-27,2025-03-27,Kempsville,2025-03-27,2025-04-02,High Mark,2025-03-28,2025-04-09,Chesterfield,2025-04-15,2025-05-02,R.Arias,2025-03-28 20:00:00,2025-05-05,"LF complete 02/21/25
Same house & elevation as WM 46; RFI sent to Sales on how to proceed 02/25. Got elevation change addendum on 03/26
"
2025-02-25 21:32:17.114000,kfadl@tecofva.com,Readers Branch,02,RB-5-02,14bdd8ce-f7a3-4140-8237-6cdbeb51a920,5,,,,,False,False,2025-02-25,Permit & Hold,Hartford Terrace,10 - Traditional,Y.Wang,2025-02-26,2025-02-27,HBS,2025-02-27,2025-03-12,EDA,2025-01-01,2025-01-01,Goochland,2025-01-02,2025-02-18,B.Ward,2025-04-05 12:00:00,2025-08-22,COPIED FROM RB-14-5 and sent for permit 12/24
2025-03-11 11:53:19.287000,kfadl@tecofva.com,Readers Branch,20,RB-5-20,b4eaae68-4556-40b7-843f-b4363c971f13,5,,,,,True,False,2025-03-12,Contract,Linden Terrace,10 - Traditional,Y.Wang,2025-03-26,2025-03-27,HBS,2025-03-27,2025-04-02,EDA,2025-01-01,2025-01-01,Goochland,2025-04-28,2025-05-06,B.Ward,2025-04-06 04:00:00,2025-05-14,Previous SPEC sent to Permit 12/24
2025-02-25 20:38:33.273000,kfadl@tecofva.com,Readers Branch,15,RB-7-15,fbacaf74-19dc-458c-9d19-fbda734f483e,7,,,,,True,False,2025-04-12,Contract,Linden Terrace,25 - Folk Victorian,Y.Wang,2025-05-21,2025-05-24,HBS,2025-05-24,2025-06-06,EDA,2025-05-24,2025-06-06,Goochland,2025-06-10,2025-07-16,R.Arias,2025-06-07 20:00:00,2025-07-18,"Contingent TBB 4/16/2025
Incomplete LF- Addendum clarification per Kendall meeting on 5/19
5/27 Late LF #1 - P.Bath & Closet recongifuration
Need C.Toney engineering -request sent 6/5/25
BBPs posted  on 7/17/25 
7/22 Late LF #2 - expand pocket office
Updated BBPs post on 9/2/2025 with changes, including updated steel beam size; updating primary bath shower head location; updating floor finishes per design addendum(post after BBPs"
2025-03-06 13:42:38.828000,kfadl@tecofva.com,Readers Branch,29,RB-7-29,dfe48154-5476-40e4-a274-db216c1030f7,7,,,,,True,False,2025-03-02,Contract,Linden Terrace,25 - Folk Victorian,C.Zobel,2025-05-15,2025-05-17,HBS,2025-05-17,2025-05-30,EDA,2025-05-17,2025-06-03,Goochland,2025-06-05,2025-07-11,R.Arias,2025-06-06 12:00:00,2025-07-17,"late LF 7/8/2025- laundry room, tub to shower and change added bench seats"
2025-03-12 20:18:37.362000,kfadl@tecofva.com,Womack,27,WM-1-27,823d4854-9006-44fd-bb5a-41aec19eca23,1,,,,,True,False,2025-03-14,SPEC,Azalea,20 - Arts & Crafts,Y.Wang,2025-03-15,2025-03-18,Kempsville,2025-03-18,2025-03-26,High Mark,2025-03-18,2025-04-23,Chesterfield,2025-04-25,2025-04-30,R.Arias,2025-03-18 12:00:00,2025-05-06,
2025-03-14 14:00:50.011000,kfadl@tecofva.com,The Preserve,523,PR-7-523,4566c299-4734-4e4d-b44c-ac5879885c59,7,,,,,True,False,2025-03-16,Contract,Savannah,A - Folk Victorian,C.Zobel,2025-05-04,2025-05-14,Riverside,2025-05-15,2025-06-12,Foresite,2025-05-14,2025-05-17,Montgomery,2025-06-09,2025-06-30,R.Arias,2025-05-15 00:00:00,2025-07-02,"05-01-2025- LF incorrect layout for basement- walls to be removed in mechanical but never received an updated addendum.
5/21/25 - received engineering but it has a lot of errors and requires revision
6/2/25 - received revised engineering but it still has errors and requires revision"
2025-04-23 14:11:26.463000,kfadl@tecofva.com,West Broad Village Eastern Edge,06,W5-5-06,4e9fb75b-9a0e-4aaf-abfa-094954351e0d,5,,,,,False,True,2025-05-13,SPEC,Linden Terrace,10 - Traditional,K.Fadl,2025-04-24,2025-04-24,Kempsville,2025-04-24,2025-05-12,Cardinal,2025-04-24,2025-04-29,Henrico,2025-06-23,,R.Arias,2025-06-30 08:00:00,,"08-07-2025 kicked to dirt
ALL BRICK DUPLEX
"
2025-04-23 14:11:32.131000,kfadl@tecofva.com,West Broad Village Eastern Edge,07,W5-5-07,0a92ca5b-04f6-4ecd-a755-59ce64c6f616,5,,,,,False,True,2025-04-24,SPEC,Belmont Terrace,10 - Traditional,K.Fadl,2025-04-24,2025-04-24,Kempsville,2025-04-24,2025-05-12,Cardinal,2025-04-24,2025-04-29,Henrico,2025-06-23,,R.Arias,2025-06-30 08:00:00,,"08-07-2025 kicked to dirt
All Brick Duplex"
2025-04-28 14:28:18.093000,kfadl@tecofva.com,Readers Branch,14,RB-7-14,cb3bfce9-3037-41e4-839b-e5cbb4aa009e,7,,,,,False,True,2025-04-25,Contract,Linden Terrace,25 - Folk Victorian,C.Zobel,2025-05-20,2025-05-21,HBS,2025-05-21,2025-05-29,EDA,2025-05-21,2025-05-22,Goochland,2025-05-28,2025-06-17,S.catasus,2025-05-29 16:00:00,2025-06-17,New England elevation - Buyer moved to 33-7 w/ LF changes on 7/17/25
2025-05-01 13:53:28.146000,kfadl@tecofva.com,Womack,24,WM-1-24,44c8c43a-eeec-4971-85a1-06dddcc7d6e7,1,,,,,True,False,2025-04-30,Contract,Magnolia,10 - Traditional,Y.Wang,2025-06-25,2025-06-28,Kempsville,2025-06-28,2025-07-03,High Mark,2025-06-28,2025-07-10,Chesterfield,2025-07-11,2025-07-17,R.Arias,2025-06-28 12:00:00,2025-07-18,"LATE LF 8/15/25- rear window change
Contingent"
2025-05-01 13:58:09.773000,kfadl@tecofva.com,The Preserve,552,PR-7-552,ae544ce6-b7d6-44aa-ada7-c4fee51a8cb6,7,,,,,True,False,2025-05-02,Contract,Linden III,30 - Craftsman,Y.Wang,2025-05-08,2025-05-16,Riverside,2025-05-17,2025-06-05,Foresite,2025-05-17,2025-05-23,Montgomery,2025-06-05,2025-06-30,R.Arias,2025-05-14 08:00:00,2025-07-03,"Jamie asked to flip house on 5/13.
sent to re-engineer on 6/2/25
receive Plat revision 7/24/25"
2025-05-01 13:58:14.406000,kfadl@tecofva.com,The Preserve,522,PR-7-522,53452725-a3bb-4f5d-b315-8aa5c4af3ca7,7,,,,,True,False,2025-05-02,Contract,Linden Terrace,10 - Traditional,C.Zobel,2025-05-14,2025-05-23,Riverside,2025-05-23,2025-06-04,Foresite,2025-06-05,2025-06-11,Montgomery,2025-06-16,2025-07-01,R.Arias,2025-06-05 20:00:00,2025-07-02,"6/3 - received engineering but it requires corrections
6/9- recieved updated engineering."
2025-05-02 15:47:25.911000,kfadl@tecofva.com,The Preserve,538,PR-7-538,fd7f996e-466f-4fea-99f1-199a58311b2b,7,,,,,True,False,2025-05-04,Permit & Hold,Linden III,30 - Craftsman,M.Robinson,2025-05-04,2025-05-08,Riverside,2025-05-08,2025-08-04,Foresite,2025-05-09,2025-05-23,Montgomery,2025-06-04,2025-07-30,R.Arias,2025-05-08 16:00:00,2025-08-01,"Waiting on Homesite report to send to PLAT
SPEC to START 7/30/2025
Received (unsealed) Structural drawing 5/20
Received (sealed) Structural drawings 8/4"
2025-05-09 18:56:25.892000,kfadl@tecofva.com,Villetta Pointe,07,VL-0-07,353120a2-9067-4269-aeba-7dc0f741d530,0,,,,,False,False,2025-05-06,SPEC,Lockwood,Standard,M.Robinson,2025-05-06,2025-05-10,Struc Tech,2025-05-10,2025-05-31,Townes,2025-05-01,2025-06-10,Hanover,2025-06-11,2025-06-23,R.Arias,2025-06-18 16:00:00,2025-06-25,Engineering sent back for revisions 5/28 recieved 5/30
2025-05-09 18:56:30.394000,kfadl@tecofva.com,Villetta Pointe,08,VL-0-08,980d5a1e-422d-46ee-b698-ba5f293b723e,0,,,,,False,False,2025-05-06,SPEC,Pritchard,Deluxe,K.Fadl,2025-05-06,2025-05-10,Struc Tech,2025-05-10,2025-05-16,Townes,2025-05-01,2025-06-10,Hanover,2025-06-12,2025-06-20,R.Arias,2025-06-18 08:00:00,2025-06-24,
2025-05-09 18:56:33.365000,kfadl@tecofva.com,Villetta Pointe,09,VL-0-09,57b6d02a-f090-4063-88dc-ecabf727eafe,0,,,,,False,False,2025-05-06,SPEC,Lockwood,Standard,M.Robinson,2025-05-06,2025-05-10,Struc Tech,2025-05-10,2025-05-31,Townes,2025-05-01,2025-06-10,Hanover,2025-06-11,2025-06-24,R.Arias,2025-06-18 00:00:00,2025-06-25,Engineering sent back for revisions 5/28 recieved 5/30
2025-05-09 18:56:40.931000,kfadl@tecofva.com,Villetta Pointe,10,VL-0-10,7f25f251-6a96-4a49-b2d7-2bda1394a01e,0,,,,,False,False,2025-05-07,SPEC,Leland,Standard,M.Robinson,2025-06-11,2025-06-13,Struc Tech,2025-06-13,2025-06-16,Townes,2025-05-01,2025-06-10,Hanover,2025-06-18,2025-07-16,R.Arias,2025-06-18 12:00:00,2025-07-18,CHANGED TO  LELAND
2025-05-09 18:56:43.758000,kfadl@tecofva.com,Villetta Pointe,11,VL-0-11,f4fe88eb-2134-487f-b846-11b3f6ece4c8,0,,,,,False,False,2025-05-06,SPEC,Lockwood,Deluxe,M.Robinson,2025-05-06,2025-05-10,Struc Tech,2025-05-10,2025-05-31,Townes,2025-05-01,2025-06-10,Hanover,2025-06-11,2025-06-24,R.Arias,2025-06-18 04:00:00,2025-06-25,Engineering sent back for revisions 5/28 recieved 5/30
2025-05-09 18:56:47.226000,kfadl@tecofva.com,Villetta Pointe,12,VL-0-12,5d890274-b117-463a-b635-7b0ce1bfe4bb,0,,,,,False,False,2025-05-06,SPEC,Pritchard,Standard,K.Fadl,2025-05-06,2025-05-10,Struc Tech,2025-05-10,2025-05-17,Townes,2025-05-01,2025-06-10,Hanover,2025-06-11,2025-06-16,R.Arias,2025-06-18 04:00:00,2025-06-24,
2025-05-15 12:50:03.278000,kfadl@tecofva.com,The Preserve,549,PR-7-549,8c069117-b890-48cc-98b4-9db1199e7443,7,,,,,False,False,2025-05-14,Permit & Hold,Corvallis,40 - European,M.Robinson,2025-05-14,2025-05-15,Riverside,2025-05-15,2025-05-22,Foresite,2025-05-15,2025-05-28,Montgomery,2025-06-09,2025-07-14,R.Arias,2025-05-28 16:00:00,2025-08-20,
2025-05-15 13:44:59.504000,kfadl@tecofva.com,The Meadows,07,MD-1-07,fa56bd6a-7e1a-4fbb-9746-08eb3d34d95f,1,,,,,True,False,2025-05-17,SPEC,Linden III,30 - Craftsman,Y.Wang,2025-05-17,2025-05-29,Riverside,2025-05-29,2025-06-18,High Mark,2025-05-28,2025-06-05,Christiansburg,2025-06-23,2025-07-31,R.Arias,2025-06-17 04:00:00,2025-08-01,"tall crawl space
Delayed Getting Structural back from riverside, follow email sent 6/14/25
updated structural received 6/17
updated plat received 7/8"
2025-05-22 15:33:12.710000,kfadl@tecofva.com,Womack,23,WM-1-23,49625d09-456a-4324-94e5-d88c234b3d87,1,,,,,True,False,2025-05-24,Contract,Azalea,20 - Colonial,Y.Wang,2025-05-25,2025-06-05,Kempsville,2025-06-05,2025-06-13,High Mark,2025-06-06,2025-06-11,Chesterfield,2025-06-17,2025-06-25,R.Arias,2025-06-07 04:00:00,2025-06-25,First received engineering 6/11(missing beam cals and incorrect F2 layout) and received revision 6/13
2025-05-22 15:39:15.168000,kfadl@tecofva.com,Womack,43,WM-1-43,d09e30d5-05a4-4016-81df-50b9ef7e6cd1,1,,,,,True,False,2025-05-25,Contract,Azalea,20 - Craftsman,Y.Wang,2025-06-21,2025-06-27,Kempsville,2025-06-28,2025-07-09,High Mark,2025-06-28,2025-07-08,Chesterfield,2025-07-09,2025-07-16,R.Arias,2025-06-28 00:00:00,2025-07-18,"contingency removed on 6/3/25
engineering received 7/2 and received 7/9"
2025-05-28 15:56:44.868000,kfadl@tecofva.com,The Preserve Duplex,316,PD-6-316,5e47148a-91ff-44fc-9aeb-0afa632644f8,6,,,,,False,False,2025-05-29,Permit & Hold,Lillie,10 - Traditional,C.Zobel,2025-05-30,2025-05-30,Riverside,2025-06-03,2025-06-04,Foresite,2025-06-03,2025-06-13,Montgomery,2025-07-08,2025-08-07,,,,"moved from SPEC to Permit & Hold on 07-15-2025
Changed elevation from Pearl to Lillie on 07- 18-2025"
2025-05-28 15:56:48.601000,kfadl@tecofva.com,The Preserve Duplex,317,PD-6-317,3344c89a-3e9c-469c-9133-5f881cd0152d,6,,,,,False,False,2025-05-29,Permit & Hold,Brady,10 - Traditional,C.Zobel,2025-05-30,2025-05-30,Riverside,2025-06-03,2025-06-05,Foresite,2025-06-03,2025-06-13,Montgomery,2025-07-08,2025-08-06,,,,moved from SPEC to Permit & Hold on 07-15-2025
2025-06-09 14:53:42.046000,kfadl@tecofva.com,The Preserve,414,PR-1-414,aa6d89bb-b3e9-4295-94df-440ea6afa148,1,,,,,True,False,2025-06-01,Contract,Pearl Terrace,10 - Traditional,Y.Wang,2025-06-27,2025-07-02,Riverside,2025-07-02,2025-07-21,Foresite,2025-07-02,2025-07-04,Montgomery,2025-07-22,2025-08-14,R.Arias,2025-07-01 20:00:00,2025-08-15,"Change to CIP-request on 7/10 by Jamie
"
2025-06-09 15:28:47.592000,kfadl@tecofva.com,Womack,56,WM-1-56,f00bb13e-f1f7-4f2b-b620-9de59b3b8d86,1,,,,,True,False,2025-06-06,SPEC,Magnolia,CUSTOM,K.Fadl,2025-06-11,2025-06-13,Kempsville,2025-06-13,2025-06-23,High Mark,2025-06-14,2025-06-19,Chesterfield,2025-06-25,2025-07-02,R.Arias,2025-06-14 20:00:00,2025-07-07,
2025-06-09 17:03:52.576000,kfadl@tecofva.com,The Preserve TH,169,PT-5-169,7d86ddf5-691e-4ee2-947c-7e40b6624c6b,5,,,,,False,False,2025-06-10,Permit & Hold,Highland,10 - Traditional,C.Zobel,2025-06-30,2025-07-09,Riverside,2025-07-10,2025-07-15,Foresite,2025-07-10,2025-07-23,Montgomery,,,,,,
2025-06-09 17:03:58.626000,kfadl@tecofva.com,The Preserve TH,170,PT-5-170,511782f7-52f2-439e-98c0-4902b9404634,5,,,,,False,False,2025-06-10,Permit & Hold,Millcreek,10 - Traditional,C.Zobel,2025-06-30,2025-07-09,Riverside,2025-07-10,2025-07-15,Foresite,2025-07-10,2025-07-23,Montgomery,,,,,,
2025-06-09 17:04:04.946000,kfadl@tecofva.com,The Preserve TH,171,PT-5-171,0fd13ca7-7c1b-49ab-96b9-9f6e10932da5,5,,,,,False,False,2025-06-10,Permit & Hold,Millcreek,10 - Traditional,C.Zobel,2025-06-30,2025-07-08,Riverside,2025-07-09,2025-07-15,Foresite,2025-07-09,2025-07-23,Montgomery,,,,,,
2025-06-09 17:04:08.162000,kfadl@tecofva.com,The Preserve TH,172,PT-5-172,459156a2-73bc-42c0-8ac2-eb4d9903c7f4,5,,,,,False,False,2025-06-10,Permit & Hold,Highland,10 - Traditional,C.Zobel,2025-06-30,2025-07-08,Riverside,2025-07-09,2025-07-15,Foresite,2025-07-09,2025-07-23,Montgomery,,,,,,
2025-06-09 17:04:12.758000,kfadl@tecofva.com,The Preserve TH,173,PT-5-173,5f508872-4408-4d74-944c-a029db00900f,5,,,,,False,False,2025-06-10,Permit & Hold,Highland,10 - Traditional,C.Zobel,2025-06-30,2025-06-24,Riverside,2025-06-25,2025-07-03,Foresite,2025-06-25,2025-07-01,Montgomery,,,,,,
2025-06-09 17:04:17.032000,kfadl@tecofva.com,The Preserve TH,174,PT-5-174,eb09a9d1-c8e4-4fb1-8fff-cdc0b179ca63,5,,,,,False,False,2025-06-10,Permit & Hold,Millcreek,10 - Traditional,C.Zobel,2025-06-16,2025-06-24,Riverside,2025-06-25,2025-07-03,Foresite,2025-06-25,2025-07-01,Montgomery,,,,,,
2025-06-09 17:04:20.512000,kfadl@tecofva.com,The Preserve TH,175,PT-5-175,ea3389b6-b464-4520-8fee-21f4af9e26f1,5,,,,,False,False,2025-06-10,Permit & Hold,Millcreek,10 - Traditional,C.Zobel,2025-06-17,2025-06-24,Riverside,2025-06-25,2025-07-03,Foresite,2025-06-25,2025-07-01,Montgomery,,,,,,
2025-06-09 17:04:23.937000,kfadl@tecofva.com,The Preserve TH,176,PT-5-176,f0874c99-c242-44e6-a8ba-955676db988f,5,,,,,False,False,2025-06-10,Permit & Hold,Highland,10 - Traditional,C.Zobel,2025-06-16,2025-06-24,Riverside,2025-06-25,2025-07-03,Foresite,2025-06-25,2025-07-01,Montgomery,,,,,,
2025-06-09 18:45:25.870000,kfadl@tecofva.com,The Preserve TH,198,PT-5-198,801a476e-ef0b-495a-9f28-368b93ff8170,5,,,,,False,False,2025-06-10,Permit & Hold,Highland,10 - Traditional,C.Zobel,2025-07-14,2025-09-04,UFP,2025-09-05,2025-09-16,Foresite,2025-09-05,2025-09-16,Montgomery,,,,,,basement
2025-06-09 18:45:33.097000,kfadl@tecofva.com,The Preserve TH,199,PT-5-199,757d64f6-b5fe-4e23-8689-bbf6fbd8aa62,5,,,,,False,False,2025-06-10,Permit & Hold,Millcreek,10 - Traditional,C.Zobel,2025-07-14,2025-09-04,UFP,2025-09-05,2025-09-16,Foresite,2025-09-05,2025-09-16,Montgomery,,,,,,basement
2025-06-09 18:45:37.870000,kfadl@tecofva.com,The Preserve TH,200,PT-5-200,114e0fe4-8ba3-4b55-918e-bd7a6f8a6ff3,5,,,,,False,False,2025-06-10,Permit & Hold,Millcreek,10 - Traditional,C.Zobel,2025-07-14,2025-09-04,UFP,2025-09-05,2025-09-16,Foresite,2025-09-05,2025-09-16,Montgomery,,,,,,
2025-06-09 18:45:41.957000,kfadl@tecofva.com,The Preserve TH,201,PT-5-201,4f758872-f647-4580-b978-3a8edbab829b,5,,,,,False,False,2025-06-09,Permit & Hold,Millcreek,10 - Traditional,C.Zobel,2025-07-14,2025-09-04,UFP,2025-09-05,2025-09-16,Foresite,2025-09-05,2025-09-16,Montgomery,,,,,,
2025-06-09 18:45:45.242000,kfadl@tecofva.com,The Preserve TH,202,PT-5-202,b4b7ea94-0866-4446-b105-4ab687545705,5,,,,,False,False,2025-06-10,Permit & Hold,Highland,10 - Traditional,C.Zobel,2025-07-14,2025-09-04,UFP,2025-09-05,2025-09-16,Foresite,2025-09-05,2025-09-16,Montgomery,,,,,,basement
2025-06-09 18:45:49.644000,kfadl@tecofva.com,The Preserve TH,203,PT-5-203,a0c217db-cbbc-4286-a6d8-ce2a68162a66,5,,,,,False,False,2025-06-09,Permit & Hold,Highland,10 - Traditional,C.Zobel,2025-07-28,,Riverside,,,Foresite,,,Montgomery,,,,,,basement
2025-06-09 18:45:54.399000,kfadl@tecofva.com,The Preserve TH,204,PT-5-204,7ee7b5b6-6f7c-4258-9207-37fa23335e9f,5,,,,,False,False,2025-06-09,Permit & Hold,Millcreek,10 - Traditional,C.Zobel,2025-07-28,,Riverside,,,Foresite,,,Montgomery,,,,,,
2025-06-09 18:45:57.665000,kfadl@tecofva.com,The Preserve TH,205,PT-5-205,a21c7e4f-78e0-4363-806b-34c31dbbbf2a,5,,,,,False,False,2025-06-09,Permit & Hold,Millcreek,10 - Traditional,C.Zobel,2025-07-28,,Riverside,,,Foresite,,,Montgomery,,,,,,basement
2025-06-09 18:46:00.754000,kfadl@tecofva.com,The Preserve TH,206,PT-5-206,24bd291c-2ad9-4fec-8a98-9b2eea85793e,5,,,,,False,False,2025-06-09,Permit & Hold,Millcreek,10 - Traditional,C.Zobel,2025-07-28,,Riverside,,,Foresite,,,Montgomery,,,,,,basement
2025-06-09 18:46:04.512000,kfadl@tecofva.com,The Preserve TH,207,PT-5-207,dd79b491-a77b-404c-b64d-ff05b74a0832,5,,,,,False,False,2025-06-09,Permit & Hold,Highland,10 - Traditional,C.Zobel,2025-07-28,,Riverside,,,Foresite,,,Montgomery,,,,,,
2025-06-16 10:57:16.138000,kfadl@tecofva.com,Readers Branch,08,RB-7-08,25bb5e1c-180d-494e-88ef-c3dab98f9b7b,7,,,,,True,False,2025-06-08,Contract,Linden III,30 - Craftsman,Y.Wang,2025-07-02,2025-07-04,Struc Tech,2025-07-04,2025-07-10,EDA,2025-07-04,2025-07-09,Goochland,2025-07-19,2025-08-18,R.Arias,2025-07-12 20:00:00,2025-08-19,
2025-06-18 13:54:10.352000,kfadl@tecofva.com,The Blufftons,25,BF-1-25,b884afb4-85e4-4198-b8bf-fed7ff17934b,1,,,,,False,True,2025-06-25,Contract,CUSTOM,CUSTOM,K.Fadl,2025-06-10,2025-06-11,HBS,2025-06-11,2025-06-23,EDA,2025-06-11,2025-06-18,Goochland,2025-06-30,2025-07-28,R.Arias,2025-05-28 00:00:00,2025-07-30,
2025-06-23 14:47:08.650000,kfadl@tecofva.com,Womack,29,WM-1-29,7bef3c6d-f957-4465-aec8-b2aa387df061,1,,,,,True,False,2025-06-20,SPEC,Bradford,CUSTOM,M.Robinson,2025-06-20,2025-06-24,Kempsville,2025-06-24,2025-07-02,High Mark,2025-06-24,2025-07-01,Chesterfield,2025-07-08,2025-07-16,R.Arias,2025-06-24 16:00:00,2025-07-21,7/7/2025 - Received updated Beam Calcs
2025-06-23 14:47:13.493000,kfadl@tecofva.com,Womack,96,WM-1-96,5c2be2b3-983f-4406-9100-a4342d62c7eb,1,,,,,True,False,2025-06-21,SPEC,Millcreek,CUSTOM,M.Robinson,2025-06-21,2025-06-26,Kempsville,2025-06-26,2025-07-03,High Mark,2025-06-27,2025-07-07,Chesterfield,2025-07-09,2025-07-16,R.Arias,2025-06-27 00:00:00,2025-07-21,
2025-06-24 14:13:12.377000,kfadl@tecofva.com,Readers Branch,32,RB-7-32,0c923c1d-52c0-465f-9158-862473b386d8,7,,,,,False,False,2025-06-24,Contract,Linden Terrace,25 - Folk Victorian,Y.Wang,2025-08-18,2025-08-23,HBS,2025-08-23,2025-08-27,EDA,2025-08-23,2025-08-27,Goochland,2025-08-28,,R.Arias,2025-08-27 16:00:00,,
2025-07-01 22:22:46.045000,kfadl@tecofva.com,The Meadows,27,MD-1-27,320a1c35-f07a-4a04-867d-c1c9f3c7e14d,1,,,,,False,False,2025-07-02,Permit & Hold,Linden Terrace,30 - Craftsman,Y.Wang,2025-07-03,2025-07-16,Riverside,2025-07-16,2025-07-22,High Mark,2025-07-16,2025-07-25,Christiansburg,2025-07-31,,R.Arias,2025-07-16 20:00:00,,
2025-07-01 22:25:03.821000,kfadl@tecofva.com,The Meadows,20,MD-1-20,98b6bda8-14e7-4ac8-a589-5b5be8faf405,1,,,,,False,False,2025-07-02,Permit & Hold,Linden Terrace,30 - Craftsman,Y.Wang,2025-07-03,2025-07-16,Riverside,2025-07-16,2025-07-22,High Mark,2025-07-16,2025-07-25,Christiansburg,2025-07-31,,R.Arias,2025-07-16 20:00:00,,
2025-07-01 22:27:00.275000,kfadl@tecofva.com,The Preserve,513,PR-7-513,e972fb88-d58b-4ce1-bb84-cbb4f318ef3c,7,,,,,False,False,2025-07-02,Contract,Savannah,BSE - Arts & Crafts,Y.Wang,2025-09-12,2025-09-23,Riverside,2025-09-23,,Foresite,2025-09-24,2025-10-01,Montgomery,,,R.Arias,2025-10-02 12:00:00,,
2025-07-08 15:24:22.381000,kfadl@tecofva.com,The Preserve,401,PR-7-401,4f09275f-30b7-4822-89fb-75e723a57bbd,7,,,,,False,False,2025-07-10,Permit & Hold,Linden Terrace,30 - Craftsman,Y.Wang,2025-07-11,2025-07-24,UFP,2025-07-24,2025-09-26,Foresite,2025-07-24,2025-07-31,Montgomery,2025-08-13,2025-09-10,R.Arias,2025-07-24 20:00:00,,
2025-07-08 15:24:32.537000,kfadl@tecofva.com,The Preserve,544,PR-7-544,52512f09-d470-428a-a918-389a3aaddb38,7,,,,,False,False,2025-07-10,Permit & Hold,Westminster,B - Craftsman,Y.Wang,2025-07-11,2025-07-24,UFP,2025-07-24,2025-09-24,Foresite,2025-07-25,2025-07-31,Montgomery,2025-10-06,,R.Arias,2025-07-23 20:00:00,,
2025-07-15 11:47:40.208000,kfadl@tecofva.com,Readers Branch,7,RB-7-7,77a650c0-831a-42b4-9179-e0d4db4739bd,7,,,,,False,False,2025-07-15,Contract,Linden III,10 - Traditional,Y.Wang,2025-08-19,2025-08-26,Struc Tech,2025-08-26,2025-09-03,EDA,2025-08-26,2025-09-05,Goochland,2025-09-08,2025-10-01,R.Arias,2025-09-05 20:00:00,2025-10-02,Late LF after Permit was submitted -09/10/2025
2025-07-21 12:09:59.773000,kfadl@tecofva.com,Readers Branch,6,RB-6-6,40c580a5-f10f-43a6-827c-ae091b3ddc82,6,,,,,False,False,2025-07-20,Contract,Corvallis,20 - Colonial,Y.Wang,2025-07-29,2025-07-31,Struc Tech,2025-07-31,2025-08-05,EDA,2025-07-31,2025-08-01,Goochland,2025-08-06,2025-08-29,R.Arias,2025-08-05 08:00:00,2025-09-02,"LATE LF 09/10/2025- Move laundry wall, add window, remove pantry,"
2025-07-21 12:18:54.956000,kfadl@tecofva.com,Readers Branch,33,RB-7-33,998ab06d-e572-4315-ab99-526c23d48862,7,,,,,True,False,2025-07-18,Contract,Linden Terrace,40 - New England,C.Zobel,2025-07-19,2025-07-22,HBS,2025-07-22,2025-07-30,EDA,2025-07-22,2025-07-24,Goochland,2025-07-28,2025-08-08,R.Arias,2025-07-23 20:00:00,2025-08-08,Buyer previously on RB 14-7
2025-07-30 19:26:09.849000,kfadl@tecofva.com,The Preserve Duplex,324,PD-6-324,a7905f13-5d00-4379-b354-30a28f8e020d,6,,,,,False,False,2025-07-29,SPEC,Lillie,10 - Traditional,Y.Wang,2025-08-01,2025-08-08,UFP,2025-08-08,2025-08-13,Foresite,2025-08-08,2025-08-22,Montgomery,2025-09-09,,R.Arias,2025-08-08 20:00:00,,single family home- slab on  grade
2025-07-30 19:26:41.147000,kfadl@tecofva.com,The Preserve Duplex,315,PD-6-315,b89afc60-783b-40f2-8f10-589963d23b90,6,,,,,False,False,2025-07-29,SPEC,Lillie,10 - Traditional,Y.Wang,2025-08-01,2025-08-08,UFP,2025-08-08,2025-08-13,Foresite,2025-08-09,2025-08-25,Montgomery,2025-09-09,2025-10-06,R.Arias,2025-08-09 04:00:00,2025-10-07,single family- slab on grade
2025-07-30 19:27:00.760000,kfadl@tecofva.com,The Preserve Duplex,313,PD-6-313,4405954e-a06e-4179-bbd6-9d2debbafb40,6,,,,,False,False,2025-07-29,SPEC,Lillie,10 - Traditional,C.Zobel,2025-07-31,2025-08-11,UFP,2025-08-18,2025-08-25,Foresite,2025-08-18,,Montgomery,,,,,,
2025-07-30 19:27:08.414000,kfadl@tecofva.com,The Preserve Duplex,314,PD-6-314,d0792642-a302-4d4a-a57b-ba7be8750b8d,6,,,,,False,False,2025-07-29,SPEC,Lillie,10 - Traditional,C.Zobel,2025-07-31,2025-08-11,UFP,2025-08-18,2025-08-25,Foresite,2025-08-18,,Montgomery,,,,,,
2025-08-06 12:45:01.203000,kfadl@tecofva.com,Womack,42,WM-1-42,a8ee7b22-b02b-4942-bb95-a64e7ca6181a,1,,,,,False,False,2025-08-07,Contract,Azalea,Craftsman,Y.Wang,2025-08-08,2025-08-09,Kempsville,2025-08-09,2025-08-25,High Mark,2025-08-09,2025-08-13,Chesterfield,2025-08-25,2025-09-03,R.Arias,2025-08-09 00:00:00,2025-09-04,08-15-2025- Late LF change- Add interior fireplace
2025-08-07 21:24:20.147000,kfadl@tecofva.com,The Preserve,511,PR-7-511,b66bbc86-1465-4c95-9b64-c5d9b3f50dd9,7,,,,,False,False,2025-08-08,Contract,Savannah,A - Folk Victorian,Y.Wang,2025-08-19,2025-09-02,UFP,2025-09-02,2025-09-24,Foresite,2025-09-02,2025-09-11,Montgomery,2025-09-30,,R.Arias,2025-09-03 00:00:00,,
2025-08-13 12:10:08.398000,kfadl@tecofva.com,The Preserve,525,PR-7-525,d5a2f06d-7466-42db-8d80-9324ee77f000,7,,,,,False,False,2025-08-08,Contract,Linden III,30 - Craftsman,C.Zobel,2025-10-02,,UFP,,,Foresite,,,Montgomery,,,,,,
2025-08-13 12:10:19.473000,kfadl@tecofva.com,The Preserve,510,PR-7-510,52ca3f40-c14a-4cb8-bb70-f1c259b77d6e,7,,,,,False,False,2025-08-09,Contract,Corvallis,40 - European,C.Zobel,2025-09-06,2025-09-10,UFP,2025-09-11,2025-09-25,Foresite,2025-09-11,2025-09-19,Montgomery,2025-09-24,,R.Arias,2025-09-30 08:00:00,,
2025-08-21 19:46:53.553000,kfadl@tecofva.com,The Preserve Duplex,319,PD-6-319,f0cf5981-89cf-4c42-a9c1-d7cd872c086b,6,,,,,False,False,2025-08-23,SPEC,Ridge,,C.Zobel,,2025-09-16,UFP,2025-09-17,2025-09-26,Foresite,2025-09-17,2025-10-01,Montgomery,,,R.Arias,2025-10-01 08:00:00,,
2025-08-21 19:50:46.647000,kfadl@tecofva.com,The Preserve,543,PR-7-543,a019822e-ad41-43a3-905f-a9b8888adf48,7,,,,,False,False,2025-08-22,Permit & Hold,Linden III,25 - Folk Victorian,Y.Wang,2025-08-23,2025-09-06,UFP,2025-09-06,2025-09-30,Foresite,2025-09-06,2025-10-03,Montgomery,2025-10-01,,R.Arias,2025-09-05 08:00:00,,
2025-08-26 11:56:50.568000,kfadl@tecofva.com,Sweetspire,12,SP-0-12,76d3e711-3c72-4c27-8d1f-3550e6242ab8,0,,,,,False,False,2025-08-27,Contract,Linden III,10 - Traditional,M.Robinson,2025-09-24,2025-09-24,Struc Tech,2025-09-12,2025-09-16,EDA,2025-09-12,2025-09-26,Henrico,2025-09-30,,R.Arias,2025-09-17 04:00:00,,
2025-08-26 11:56:56.599000,kfadl@tecofva.com,Sweetspire,06,SP-0-06,900e89ad-ad8e-448f-b547-086ef08639ba,0,,,,,False,False,2025-08-26,Contract,Corvallis,20 - Colonial,C.Zobel,2025-09-16,2025-09-18,Struc Tech,2025-09-18,2025-09-22,EDA,2025-09-18,2025-10-02,Henrico,,,,,,
2025-08-26 11:57:02.266000,kfadl@tecofva.com,Sweetspire,04,SP-0-04,a8af9242-2a7a-4a6e-8e83-1a97032ba25a,0,,,,,False,False,2025-08-27,Contract,Fulton,BSE - Arts & Crafts,Y.Wang,2025-09-16,2025-09-16,HBS,2025-09-12,2025-10-06,EDA,2025-09-12,2025-09-24,Henrico,,,R.Arias,2025-09-17 08:00:00,,
2025-08-27 17:17:38.484000,kfadl@tecofva.com,Readers Branch,48,RB-6-48,e6837acf-f126-49de-8c8a-d6627c2f62b1,6,,,,,False,False,2025-08-26,Contract,Linden Terrace,30 - Craftsman,C.Zobel,,,HBS,,,EDA,,,Goochland,,,,,,
2025-08-27 17:18:27.636000,kfadl@tecofva.com,The Preserve,518,PR-7-518,9568202b-ca92-4e8b-9b85-91c32a89f3bc,7,,,,,False,False,2025-08-26,Contract,Savannah,A - Folk Victorian,C.Zobel,2025-09-30,,UFP,,,Foresite,,,Montgomery,,,,,,
2025-08-27 17:53:00.813000,kfadl@tecofva.com,The Blufftons,26,BF-1-26,d71ae500-6ccb-4bee-af52-84a1b87f22e2,1,,,,,False,False,2025-08-28,Contract,The Palmetto,CUSTOM,K.Fadl,2025-09-03,2025-09-03,HBS,2025-09-03,2025-09-15,EDA,2025-09-03,2025-09-23,Goochland,2025-09-26,,,,,
2025-08-27 18:16:55.388000,kfadl@tecofva.com,Brunswick,42,BR-1-42,3dbb26b6-da35-4cee-bd25-6102533d4f29,1,,,,,False,False,2025-08-27,Contract,Pearl,10 - Traditional,C.Zobel,2025-09-30,,Kempsville,,,Townes,,,Hanover,,,,,,
2025-09-05 16:16:53.723000,kfadl@tecofva.com,Readers Branch,1,RB-6-1,8eea9014-4f4c-4141-850b-ec80d29b7f7b,6,,,,,False,False,2025-09-02,Contract,Linden III,10 - Traditional,Y.Wang,2025-09-24,2025-10-01,Struc Tech,2025-10-01,,EDA,2025-10-01,,Goochland,,,,,,
2025-09-05 16:22:14.406000,kfadl@tecofva.com,Readers Branch,22,RB-7-22,84c1f8f4-3886-4493-b746-4893c7f097af,7,,,,,False,False,2025-09-02,Contract,Linden Terrace,40 - New England,C.Zobel,,,HBS,,,EDA,,,Goochland,,,,,,
2025-09-05 16:32:38.012000,kfadl@tecofva.com,Readers Branch,41,RB-6-41,c90d0d91-f458-4858-ad99-d9d1bacc9e84,6,,,,,False,False,,Contract,Belmont,20 - Arts & Crafts,M.Robinson,2025-10-07,,Struc Tech,,,EDA,,,Goochland,,,,,,
2025-09-05 16:40:23.609000,kfadl@tecofva.com,The Meadows,48,MD-1-48,e353240f-02c2-4de5-88c1-ca6d0b73cc8a,1,,,,,False,False,2025-09-02,SPEC,Linden III,25 - Folk Victorian,Y.Wang,2025-09-08,2025-09-24,UFP,2025-09-24,,High Mark,2025-09-24,2025-10-03,Christiansburg,,,,,,
2025-09-05 16:50:41.913000,kfadl@tecofva.com,Readers Branch,5,RB-6-5,35a33af6-3884-42e8-ad70-5336a0595778,6,,,,,False,False,2025-09-06,SPEC,Belmont,30 - Arts & Crafts,K.Fadl,2025-09-05,2025-09-08,Struc Tech,2025-09-08,2025-09-09,EDA,2025-09-08,2025-09-11,Goochland,2025-09-12,,R.Arias,2025-09-16 04:00:00,,
2025-09-05 16:50:59.144000,kfadl@tecofva.com,Readers Branch,2,RB-6-2,10f10519-36f7-4dfa-9819-8a390bd424ed,6,,,,,False,False,2025-09-06,SPEC,Corvallis,40 - European,K.Fadl,2025-09-09,2025-09-10,Struc Tech,2025-09-10,2025-09-10,EDA,2025-09-10,2025-09-11,Goochland,2025-09-12,,R.Arias,2025-09-16 04:00:00,,
2025-09-08 11:23:05.848000,kfadl@tecofva.com,Kings Pointe,4,KP-1-4,3a00b0ec-f69c-428d-af39-1e2c0e7863bf,1,,,,,False,False,2025-09-03,SPEC,Charleston - A,,K.Fadl,2025-09-03,2025-08-29,UFP,2025-08-29,2025-08-29,Foresite,2025-08-29,2025-09-11,Pulaski,2025-09-19,2025-10-01,,,2025-10-02,
2025-09-08 11:23:08.886000,kfadl@tecofva.com,Kings Pointe,5,KP-1-5,f57dc418-53d1-4f37-b144-08397a6c7f67,1,,,,,False,False,2025-09-02,SPEC,Charleston - B,,K.Fadl,2025-09-02,2025-08-28,UFP,2025-08-28,2025-08-29,Foresite,2025-08-28,2025-09-11,Pulaski,2025-09-19,2025-10-01,,,2025-10-02,
2025-09-08 11:23:12.312000,kfadl@tecofva.com,Kings Pointe,6,KP-1-6,0c00ebfa-9ae9-4f3b-88c7-fb069e188926,1,,,,,False,False,2025-09-02,SPEC,Charleston - C,,K.Fadl,2025-09-03,2025-09-05,UFP,2025-08-28,2025-08-29,Foresite,2025-09-05,2025-09-11,Pulaski,2025-09-19,2025-10-01,,,2025-10-02,
2025-09-19 18:23:32.501000,kfadl@tecofva.com,Midtown,129,MI-1-129,987f9db4-e104-475b-8202-9cc805dd6c88,1,,,,,False,False,2025-09-16,Permit & Hold,Rowland,,Y.Wang,2025-09-22,,HBS,,,Balzer,,,Blacksburg,,,,,,
2025-09-19 18:23:38.559000,kfadl@tecofva.com,Midtown,130,MI-1-130,a2749a59-e972-4e95-b6e5-41f5109448a6,1,,,,,False,False,2025-09-16,Permit & Hold,Westmoreland,,Y.Wang,2025-09-22,,HBS,,,Balzer,,,Blacksburg,,,,,,
2025-09-19 18:23:43.840000,kfadl@tecofva.com,Midtown,131,MI-1-131,6403d52f-0c91-4b22-b18f-fd474ff8633a,1,,,,,False,False,2025-09-16,Permit & Hold,Rowland,,Y.Wang,2025-09-22,,HBS,,,Balzer,,,Blacksburg,,,,,,
2025-09-29 12:25:32.629000,kfadl@tecofva.com,Brunswick,43,BR-1-43,8af58df8-bb4a-40a7-b87c-5c419fa03e89,1,,,,,False,False,2025-09-22,Contract,Lillie,10 - Traditional,C.Zobel,2025-09-30,,Kempsville,,,Townes,,,Hanover,,,,,,
2025-09-29 12:25:40.251000,kfadl@tecofva.com,Brunswick,41,BR-1-41,4d8d0e25-4675-4081-a364-f28a54347822,1,,,,,False,False,2025-09-30,SPEC,Lillie,10 - Traditional,C.Zobel,2025-09-30,,Kempsville,,,Townes,,,Hanover,,,,,,
2025-10-02 16:06:43.108000,kfadl@tecofva.com,The Preserve,542,PR-7-542,fecbc252-2989-4c88-8a4a-35391e3c7dff,7,,,,,False,False,2025-10-01,Contract,Corvallis,40 - European,Y.Wang,,,UFP,,,Foresite,,,Montgomery,,,,,,
2025-10-06 11:33:52.798000,kfadl@tecofva.com,Sweetspire,26,SP-0-26,7e76188b-4c0f-4346-8a7d-8b3d111d7854,0,,,,,False,False,2025-09-22,Contract,Linden Terrace,30 - Craftsman,C.Zobel,,,HBS,,,EDA,,,Henrico,,,,,,
2025-10-06 13:12:54.997000,kfadl@tecofva.com,Kings Pointe,3,KP-1-3,93871d77-e23d-4369-a58d-deeceeb78300,1,,,,,False,False,2025-10-02,SPEC,Charleston - C,,K.Fadl,2025-10-02,2025-10-02,UFP,2025-09-30,2025-09-29,Foresite,2025-09-30,2025-10-03,Pulaski,2025-10-06,,,,,
2025-10-06 20:26:23.213000,kfadl@tecofva.com,Creeks Edge,V,CE-0-V,95834ee7-a780-4a08-bae4-a0d5c67071d1,0,,,,,False,False,2025-08-18,SPEC,NONE,CUSTOM,M.Robinson,2025-08-18,2025-08-22,Struc Tech,2025-10-27,,Balzer,2025-08-22,2025-08-29,Richmond,2025-10-06,,,,,
